Algorithm,Problem,IndicatorName,ExecutionId,IndicatorValue
myNSGAII,WFG1,HV,0,0.5758008177381979
myNSGAII,WFG1,HV,1,0.5882863637095964
myNSGAII,WFG1,HV,2,0.5746741731254186
myNSGAII,WFG1,HV,3,0.539868432616266
myNSGAII,WFG1,HV,4,0.5771604652937016
myNSGAII,WFG1,HV,5,0.5795841890579193
myNSGAII,WFG1,HV,6,0.4620312042817584
myNSGAII,WFG1,HV,7,0.5531294952757254
myNSGAII,WFG1,HV,8,0.5911183806167272
myNSGAII,WFG1,HV,9,0.5385513678863681
myNSGAII,WFG1,HV,10,0.4895967356745131
myNSGAII,WFG1,HV,11,0.5818438002420308
myNSGAII,WFG1,HV,12,0.5845192004830603
myNSGAII,WFG1,HV,13,0.5384695065236574
myNSGAII,WFG1,HV,14,0.5957506645297854
myNSGAII,WFG1,HV,15,0.5777830181782099
myNSGAII,WFG1,HV,16,0.5842087969160761
myNSGAII,WFG1,HV,17,0.45892761023004275
myNSGAII,WFG1,HV,18,0.5839788359741879
myNSGAII,WFG1,HV,19,0.439359095350508
myNSGAII,WFG1,HV,20,0.4064463814949027
myNSGAII,WFG1,HV,21,0.4312158402713661
myNSGAII,WFG1,HV,22,0.5764183315465828
myNSGAII,WFG1,HV,23,0.5692942499275394
myNSGAII,WFG1,HV,24,0.5882722176885838
myNSGAII,WFG1,HV,25,0.48924255212286116
myNSGAII,WFG1,HV,26,0.4971673798732913
myNSGAII,WFG1,HV,27,0.5897931587487079
myNSGAII,WFG1,HV,28,0.5864779073559526
myNSGAII,WFG1,HV,29,0.5699762515348427
myNSGAII,WFG1,HV,30,0.500222493862093
myNSGAII,WFG1,HV,31,0.5453247807545861
myNSGAII,WFG1,HV,32,0.5708181685603951
myNSGAII,WFG1,HV,33,0.5246094556639606
myNSGAII,WFG1,HV,34,0.5817235992164733
myNSGAII,WFG1,HV,35,0.5788910892716362
myNSGAII,WFG1,HV,36,0.527483563579502
myNSGAII,WFG1,HV,37,0.5804864772836269
myNSGAII,WFG1,HV,38,0.5485142225584309
myNSGAII,WFG1,HV,39,0.43142125171370865
myNSGAII,WFG2,HV,0,0.5493804577887257
myNSGAII,WFG2,HV,1,0.5549162084962075
myNSGAII,WFG2,HV,2,0.5537726315052768
myNSGAII,WFG2,HV,3,0.5494229983197069
myNSGAII,WFG2,HV,4,0.5552084163726658
myNSGAII,WFG2,HV,5,0.5565160817796776
myNSGAII,WFG2,HV,6,0.5501901369640866
myNSGAII,WFG2,HV,7,0.5506201803500462
myNSGAII,WFG2,HV,8,0.553517598948869
myNSGAII,WFG2,HV,9,0.5540627809237754
myNSGAII,WFG2,HV,10,0.5505935225553515
myNSGAII,WFG2,HV,11,0.5509531274063822
myNSGAII,WFG2,HV,12,0.554695959889885
myNSGAII,WFG2,HV,13,0.5495216791128031
myNSGAII,WFG2,HV,14,0.5510216124025136
myNSGAII,WFG2,HV,15,0.5506695928996156
myNSGAII,WFG2,HV,16,0.5558861312803137
myNSGAII,WFG2,HV,17,0.5511981173479402
myNSGAII,WFG2,HV,18,0.5553570018009827
myNSGAII,WFG2,HV,19,0.5511700974493209
myNSGAII,WFG2,HV,20,0.5500931073101235
myNSGAII,WFG2,HV,21,0.551254466614034
myNSGAII,WFG2,HV,22,0.5510257380563905
myNSGAII,WFG2,HV,23,0.5506015221405208
myNSGAII,WFG2,HV,24,0.554301283205794
myNSGAII,WFG2,HV,25,0.5501135060060641
myNSGAII,WFG2,HV,26,0.5498758262322582
myNSGAII,WFG2,HV,27,0.5509013031363424
myNSGAII,WFG2,HV,28,0.5506814498515697
myNSGAII,WFG2,HV,29,0.5508371743195233
myNSGAII,WFG2,HV,30,0.5556214346795175
myNSGAII,WFG2,HV,31,0.555036455125912
myNSGAII,WFG2,HV,32,0.5510949591315669
myNSGAII,WFG2,HV,33,0.5503135652703158
myNSGAII,WFG2,HV,34,0.5554290486159046
myNSGAII,WFG2,HV,35,0.550036490393582
myNSGAII,WFG2,HV,36,0.5501566759989586
myNSGAII,WFG2,HV,37,0.5544860419371759
myNSGAII,WFG2,HV,38,0.5496296468291018
myNSGAII,WFG2,HV,39,0.5491923717225533
myNSGAII,WFG3,HV,0,0.4881041869909632
myNSGAII,WFG3,HV,1,0.4897277426966124
myNSGAII,WFG3,HV,2,0.4873889202450806
myNSGAII,WFG3,HV,3,0.4897103212168718
myNSGAII,WFG3,HV,4,0.48840014352064653
myNSGAII,WFG3,HV,5,0.49023117839562425
myNSGAII,WFG3,HV,6,0.49006529113084296
myNSGAII,WFG3,HV,7,0.48931435779738974
myNSGAII,WFG3,HV,8,0.4894893271154949
myNSGAII,WFG3,HV,9,0.48993304876176874
myNSGAII,WFG3,HV,10,0.49037835285750886
myNSGAII,WFG3,HV,11,0.48850363592173673
myNSGAII,WFG3,HV,12,0.48951471386664336
myNSGAII,WFG3,HV,13,0.4891850111645346
myNSGAII,WFG3,HV,14,0.4892212217229782
myNSGAII,WFG3,HV,15,0.49106912647449125
myNSGAII,WFG3,HV,16,0.4888403442908293
myNSGAII,WFG3,HV,17,0.48896831553917713
myNSGAII,WFG3,HV,18,0.489515859345879
myNSGAII,WFG3,HV,19,0.4902830380587403
myNSGAII,WFG3,HV,20,0.4890096799921642
myNSGAII,WFG3,HV,21,0.48942013306723287
myNSGAII,WFG3,HV,22,0.4894047544498512
myNSGAII,WFG3,HV,23,0.49011032936035004
myNSGAII,WFG3,HV,24,0.4894295014307273
myNSGAII,WFG3,HV,25,0.489057067613434
myNSGAII,WFG3,HV,26,0.4894697928269986
myNSGAII,WFG3,HV,27,0.49017905939748074
myNSGAII,WFG3,HV,28,0.48995791651141807
myNSGAII,WFG3,HV,29,0.48938553239543686
myNSGAII,WFG3,HV,30,0.49032047146674734
myNSGAII,WFG3,HV,31,0.4897145696579056
myNSGAII,WFG3,HV,32,0.48967054012783207
myNSGAII,WFG3,HV,33,0.4900200036800001
myNSGAII,WFG3,HV,34,0.489517262865567
myNSGAII,WFG3,HV,35,0.49000382495197636
myNSGAII,WFG3,HV,36,0.4900935192920692
myNSGAII,WFG3,HV,37,0.48844439783221055
myNSGAII,WFG3,HV,38,0.48998452697278544
myNSGAII,WFG3,HV,39,0.48891085521126415
myNSGAII,WFG4,HV,0,0.20822034953206892
myNSGAII,WFG4,HV,1,0.20726422910569411
myNSGAII,WFG4,HV,2,0.2071186745628043
myNSGAII,WFG4,HV,3,0.20743316279452848
myNSGAII,WFG4,HV,4,0.20763247394879877
myNSGAII,WFG4,HV,5,0.20765378978165921
myNSGAII,WFG4,HV,6,0.2072153755826946
myNSGAII,WFG4,HV,7,0.20651466638394322
myNSGAII,WFG4,HV,8,0.2074457460778562
myNSGAII,WFG4,HV,9,0.20750876718817493
myNSGAII,WFG4,HV,10,0.2077269112153555
myNSGAII,WFG4,HV,11,0.20792848516210577
myNSGAII,WFG4,HV,12,0.2059741168768823
myNSGAII,WFG4,HV,13,0.20633088368282718
myNSGAII,WFG4,HV,14,0.2076246120172737
myNSGAII,WFG4,HV,15,0.2067874657523588
myNSGAII,WFG4,HV,16,0.20783049962592073
myNSGAII,WFG4,HV,17,0.20727122981721954
myNSGAII,WFG4,HV,18,0.20631854346390713
myNSGAII,WFG4,HV,19,0.2077235668182262
myNSGAII,WFG4,HV,20,0.20805701586397707
myNSGAII,WFG4,HV,21,0.20748525269163803
myNSGAII,WFG4,HV,22,0.20772458971012114
myNSGAII,WFG4,HV,23,0.20747858898802876
myNSGAII,WFG4,HV,24,0.20768233403299408
myNSGAII,WFG4,HV,25,0.20757195539612916
myNSGAII,WFG4,HV,26,0.2068266600011399
myNSGAII,WFG4,HV,27,0.20730383116980658
myNSGAII,WFG4,HV,28,0.20760370636905062
myNSGAII,WFG4,HV,29,0.20725787212325877
myNSGAII,WFG4,HV,30,0.2070151636372592
myNSGAII,WFG4,HV,31,0.20670445148707092
myNSGAII,WFG4,HV,32,0.20764828832290544
myNSGAII,WFG4,HV,33,0.2074950322001039
myNSGAII,WFG4,HV,34,0.2077351085629554
myNSGAII,WFG4,HV,35,0.20777999035278324
myNSGAII,WFG4,HV,36,0.2078181312665126
myNSGAII,WFG4,HV,37,0.20592871827083617
myNSGAII,WFG4,HV,38,0.2073902648678265
myNSGAII,WFG4,HV,39,0.20766054018825325
myNSGAII,WFG5,HV,0,0.17756071533340292
myNSGAII,WFG5,HV,1,0.17772640131648862
myNSGAII,WFG5,HV,2,0.17771758485790057
myNSGAII,WFG5,HV,3,0.1777162513087641
myNSGAII,WFG5,HV,4,0.177349590081116
myNSGAII,WFG5,HV,5,0.1774094800065356
myNSGAII,WFG5,HV,6,0.1774521878219266
myNSGAII,WFG5,HV,7,0.17798606364344674
myNSGAII,WFG5,HV,8,0.17746116608635187
myNSGAII,WFG5,HV,9,0.177399100859636
myNSGAII,WFG5,HV,10,0.17712179821311025
myNSGAII,WFG5,HV,11,0.17796262370163166
myNSGAII,WFG5,HV,12,0.17767419667553208
myNSGAII,WFG5,HV,13,0.1774491935708302
myNSGAII,WFG5,HV,14,0.1776573708407604
myNSGAII,WFG5,HV,15,0.17794534205761678
myNSGAII,WFG5,HV,16,0.17795631134283707
myNSGAII,WFG5,HV,17,0.17741374497711548
myNSGAII,WFG5,HV,18,0.17742211176492917
myNSGAII,WFG5,HV,19,0.17726264261181077
myNSGAII,WFG5,HV,20,0.17766942657995127
myNSGAII,WFG5,HV,21,0.17772187888897917
myNSGAII,WFG5,HV,22,0.1772907813627769
myNSGAII,WFG5,HV,23,0.17741625179771792
myNSGAII,WFG5,HV,24,0.17792609513725052
myNSGAII,WFG5,HV,25,0.17782281767310523
myNSGAII,WFG5,HV,26,0.17750273895443702
myNSGAII,WFG5,HV,27,0.17733600966962085
myNSGAII,WFG5,HV,28,0.17759872952205427
myNSGAII,WFG5,HV,29,0.17787161899431717
myNSGAII,WFG5,HV,30,0.17716654776716564
myNSGAII,WFG5,HV,31,0.17761060592348296
myNSGAII,WFG5,HV,32,0.17780103300853448
myNSGAII,WFG5,HV,33,0.17736499044691023
myNSGAII,WFG5,HV,34,0.1772871088099471
myNSGAII,WFG5,HV,35,0.1775208678524118
myNSGAII,WFG5,HV,36,0.1778627300999065
myNSGAII,WFG5,HV,37,0.17693703959047088
myNSGAII,WFG5,HV,38,0.17748558869651523
myNSGAII,WFG5,HV,39,0.177169957952587
myNSGAII,WFG6,HV,0,0.1842055903711311
myNSGAII,WFG6,HV,1,0.18393609714283093
myNSGAII,WFG6,HV,2,0.1783207295697683
myNSGAII,WFG6,HV,3,0.18131746358817544
myNSGAII,WFG6,HV,4,0.1835670183030698
myNSGAII,WFG6,HV,5,0.17891156753344833
myNSGAII,WFG6,HV,6,0.17584998365519278
myNSGAII,WFG6,HV,7,0.17860413835356362
myNSGAII,WFG6,HV,8,0.18156059806138425
myNSGAII,WFG6,HV,9,0.1736986837591898
myNSGAII,WFG6,HV,10,0.17591893127063127
myNSGAII,WFG6,HV,11,0.18387317894619018
myNSGAII,WFG6,HV,12,0.18437422346607643
myNSGAII,WFG6,HV,13,0.17714368187943624
myNSGAII,WFG6,HV,14,0.1870784050754577
myNSGAII,WFG6,HV,15,0.18252462756985754
myNSGAII,WFG6,HV,16,0.18117035994898567
myNSGAII,WFG6,HV,17,0.18069710424515628
myNSGAII,WFG6,HV,18,0.179810675216969
myNSGAII,WFG6,HV,19,0.18120909976209418
myNSGAII,WFG6,HV,20,0.1789845499836834
myNSGAII,WFG6,HV,21,0.17656416355381194
myNSGAII,WFG6,HV,22,0.18289121917009346
myNSGAII,WFG6,HV,23,0.18240769827182224
myNSGAII,WFG6,HV,24,0.18030961717931976
myNSGAII,WFG6,HV,25,0.18193144356076663
myNSGAII,WFG6,HV,26,0.17916622647247554
myNSGAII,WFG6,HV,27,0.17954583847004033
myNSGAII,WFG6,HV,28,0.17644864618542874
myNSGAII,WFG6,HV,29,0.1831914265275224
myNSGAII,WFG6,HV,30,0.1877658064161303
myNSGAII,WFG6,HV,31,0.1766966995272597
myNSGAII,WFG6,HV,32,0.18344023427485154
myNSGAII,WFG6,HV,33,0.1816985827070257
myNSGAII,WFG6,HV,34,0.18361760204563105
myNSGAII,WFG6,HV,35,0.1787066680779803
myNSGAII,WFG6,HV,36,0.18423941457585088
myNSGAII,WFG6,HV,37,0.1795463197554035
myNSGAII,WFG6,HV,38,0.18016034211135953
myNSGAII,WFG6,HV,39,0.1833132693825431
myNSGAII,WFG7,HV,0,0.20813333891598815
myNSGAII,WFG7,HV,1,0.20741799990028517
myNSGAII,WFG7,HV,2,0.20793748188859595
myNSGAII,WFG7,HV,3,0.20768134373252695
myNSGAII,WFG7,HV,4,0.20752260688363755
myNSGAII,WFG7,HV,5,0.20755283365728355
myNSGAII,WFG7,HV,6,0.20799509803387292
myNSGAII,WFG7,HV,7,0.2077394952553708
myNSGAII,WFG7,HV,8,0.20815753616267707
myNSGAII,WFG7,HV,9,0.2082918054763967
myNSGAII,WFG7,HV,10,0.20749097953705795
myNSGAII,WFG7,HV,11,0.20839902315163675
myNSGAII,WFG7,HV,12,0.20763490746829683
myNSGAII,WFG7,HV,13,0.20773040226970388
myNSGAII,WFG7,HV,14,0.20779438840191242
myNSGAII,WFG7,HV,15,0.20800567109482898
myNSGAII,WFG7,HV,16,0.20807119972124852
myNSGAII,WFG7,HV,17,0.20815212894613216
myNSGAII,WFG7,HV,18,0.20715574610778414
myNSGAII,WFG7,HV,19,0.20766743377266506
myNSGAII,WFG7,HV,20,0.20831349388099368
myNSGAII,WFG7,HV,21,0.20709633782252385
myNSGAII,WFG7,HV,22,0.20730715600722702
myNSGAII,WFG7,HV,23,0.2077059375179398
myNSGAII,WFG7,HV,24,0.2078027247753643
myNSGAII,WFG7,HV,25,0.2079563180778789
myNSGAII,WFG7,HV,26,0.20781866240557176
myNSGAII,WFG7,HV,27,0.2076003697389239
myNSGAII,WFG7,HV,28,0.20793557632977
myNSGAII,WFG7,HV,29,0.20751126332991227
myNSGAII,WFG7,HV,30,0.20805401229344483
myNSGAII,WFG7,HV,31,0.20745872119921546
myNSGAII,WFG7,HV,32,0.20751472901724302
myNSGAII,WFG7,HV,33,0.207716935327295
myNSGAII,WFG7,HV,34,0.2074465911227188
myNSGAII,WFG7,HV,35,0.20788843408643573
myNSGAII,WFG7,HV,36,0.20778168718119938
myNSGAII,WFG7,HV,37,0.20817154412022598
myNSGAII,WFG7,HV,38,0.20762489480332472
myNSGAII,WFG7,HV,39,0.20739221553429618
myNSGAII,WFG8,HV,0,0.17317097316693356
myNSGAII,WFG8,HV,1,0.1742589540216906
myNSGAII,WFG8,HV,2,0.17257401996125807
myNSGAII,WFG8,HV,3,0.17448039949724822
myNSGAII,WFG8,HV,4,0.17304159528959034
myNSGAII,WFG8,HV,5,0.17376876882897763
myNSGAII,WFG8,HV,6,0.17413761130398253
myNSGAII,WFG8,HV,7,0.17338615845073238
myNSGAII,WFG8,HV,8,0.17307122285940899
myNSGAII,WFG8,HV,9,0.17266021341350937
myNSGAII,WFG8,HV,10,0.17402212954078827
myNSGAII,WFG8,HV,11,0.17404751079753758
myNSGAII,WFG8,HV,12,0.1740453493246275
myNSGAII,WFG8,HV,13,0.1723298982783791
myNSGAII,WFG8,HV,14,0.1745300733371759
myNSGAII,WFG8,HV,15,0.17426943366368486
myNSGAII,WFG8,HV,16,0.1745954856803251
myNSGAII,WFG8,HV,17,0.17282966435762653
myNSGAII,WFG8,HV,18,0.17324765469104458
myNSGAII,WFG8,HV,19,0.17330277875536187
myNSGAII,WFG8,HV,20,0.17465116060899585
myNSGAII,WFG8,HV,21,0.17287122590921875
myNSGAII,WFG8,HV,22,0.17357185060276997
myNSGAII,WFG8,HV,23,0.17363397671059858
myNSGAII,WFG8,HV,24,0.175948548489247
myNSGAII,WFG8,HV,25,0.17285750210709344
myNSGAII,WFG8,HV,26,0.17471418504417424
myNSGAII,WFG8,HV,27,0.17292377624099714
myNSGAII,WFG8,HV,28,0.17303641378892556
myNSGAII,WFG8,HV,29,0.1726271360075214
myNSGAII,WFG8,HV,30,0.17394439686787627
myNSGAII,WFG8,HV,31,0.17428958168511066
myNSGAII,WFG8,HV,32,0.17512813140595498
myNSGAII,WFG8,HV,33,0.17395990128925545
myNSGAII,WFG8,HV,34,0.17510812794847697
myNSGAII,WFG8,HV,35,0.17404795612865703
myNSGAII,WFG8,HV,36,0.1738338979776927
myNSGAII,WFG8,HV,37,0.17501150723176429
myNSGAII,WFG8,HV,38,0.172972312549078
myNSGAII,WFG8,HV,39,0.17450926408665973
myNSGAII,WFG9,HV,0,0.20425786483436115
myNSGAII,WFG9,HV,1,0.20373798121693898
myNSGAII,WFG9,HV,2,0.20405740972306088
myNSGAII,WFG9,HV,3,0.2043372963191072
myNSGAII,WFG9,HV,4,0.2056967239139226
myNSGAII,WFG9,HV,5,0.2059388917277256
myNSGAII,WFG9,HV,6,0.205065933521922
myNSGAII,WFG9,HV,7,0.20501268652840945
myNSGAII,WFG9,HV,8,0.20648917816543552
myNSGAII,WFG9,HV,9,0.20357807718136456
myNSGAII,WFG9,HV,10,0.20409717275944317
myNSGAII,WFG9,HV,11,0.20413594244108102
myNSGAII,WFG9,HV,12,0.2055882012941485
myNSGAII,WFG9,HV,13,0.20423445534231877
myNSGAII,WFG9,HV,14,0.203512567788481
myNSGAII,WFG9,HV,15,0.2050881203909171
myNSGAII,WFG9,HV,16,0.1526959265593165
myNSGAII,WFG9,HV,17,0.20367883799458694
myNSGAII,WFG9,HV,18,0.20424745490591295
myNSGAII,WFG9,HV,19,0.2041915595206764
myNSGAII,WFG9,HV,20,0.20523054874222302
myNSGAII,WFG9,HV,21,0.20612332304690847
myNSGAII,WFG9,HV,22,0.2035104179739258
myNSGAII,WFG9,HV,23,0.20324949282968907
myNSGAII,WFG9,HV,24,0.20446335540382765
myNSGAII,WFG9,HV,25,0.2037062557332191
myNSGAII,WFG9,HV,26,0.15329254399222195
myNSGAII,WFG9,HV,27,0.20539723835856724
myNSGAII,WFG9,HV,28,0.20300125842412928
myNSGAII,WFG9,HV,29,0.20194657983765704
myNSGAII,WFG9,HV,30,0.20348918938943097
myNSGAII,WFG9,HV,31,0.2042822184769996
myNSGAII,WFG9,HV,32,0.20337083890096028
myNSGAII,WFG9,HV,33,0.20504110837616654
myNSGAII,WFG9,HV,34,0.2043488149813234
myNSGAII,WFG9,HV,35,0.20608833997724862
myNSGAII,WFG9,HV,36,0.20546210057207542
myNSGAII,WFG9,HV,37,0.20305456760214186
myNSGAII,WFG9,HV,38,0.2049867810755981
myNSGAII,WFG9,HV,39,0.1529978799165765
mySPEA2,WFG1,HV,0,0.5375814058250717
mySPEA2,WFG1,HV,1,0.4970382117978596
mySPEA2,WFG1,HV,2,0.5709330575185525
mySPEA2,WFG1,HV,3,0.5515238966683566
mySPEA2,WFG1,HV,4,0.516735077575144
mySPEA2,WFG1,HV,5,0.5072317305339233
mySPEA2,WFG1,HV,6,0.4483837184138948
mySPEA2,WFG1,HV,7,0.5557466913958877
mySPEA2,WFG1,HV,8,0.4668291437307899
mySPEA2,WFG1,HV,9,0.5815600874046848
mySPEA2,WFG1,HV,10,0.5685747801166022
mySPEA2,WFG1,HV,11,0.5287981649320405
mySPEA2,WFG1,HV,12,0.5794911676151375
mySPEA2,WFG1,HV,13,0.534432021919341
mySPEA2,WFG1,HV,14,0.45811959819594683
mySPEA2,WFG1,HV,15,0.5920431818949783
mySPEA2,WFG1,HV,16,0.4754623347259661
mySPEA2,WFG1,HV,17,0.5310780877913652
mySPEA2,WFG1,HV,18,0.5599813414899864
mySPEA2,WFG1,HV,19,0.4190997165863134
mySPEA2,WFG1,HV,20,0.579977084172809
mySPEA2,WFG1,HV,21,0.5149526376440328
mySPEA2,WFG1,HV,22,0.4783889277994456
mySPEA2,WFG1,HV,23,0.4921027625381162
mySPEA2,WFG1,HV,24,0.5194801213985698
mySPEA2,WFG1,HV,25,0.5272793720813251
mySPEA2,WFG1,HV,26,0.46794682771567053
mySPEA2,WFG1,HV,27,0.5758095516179313
mySPEA2,WFG1,HV,28,0.4374235539623552
mySPEA2,WFG1,HV,29,0.5765747830293575
mySPEA2,WFG1,HV,30,0.5775870511468548
mySPEA2,WFG1,HV,31,0.4499060589595595
mySPEA2,WFG1,HV,32,0.5430559601611198
mySPEA2,WFG1,HV,33,0.582433631538631
mySPEA2,WFG1,HV,34,0.4376583352932439
mySPEA2,WFG1,HV,35,0.505484782878304
mySPEA2,WFG1,HV,36,0.5528452052713366
mySPEA2,WFG1,HV,37,0.5888555703877834
mySPEA2,WFG1,HV,38,0.47675982547248835
mySPEA2,WFG1,HV,39,0.46353240939200635
mySPEA2,WFG2,HV,0,0.5497492352019483
mySPEA2,WFG2,HV,1,0.550514780745729
mySPEA2,WFG2,HV,2,0.5507831905995592
mySPEA2,WFG2,HV,3,0.5497818511278321
mySPEA2,WFG2,HV,4,0.5513554792509054
mySPEA2,WFG2,HV,5,0.5557628596751798
mySPEA2,WFG2,HV,6,0.5498281306183201
mySPEA2,WFG2,HV,7,0.551686884714754
mySPEA2,WFG2,HV,8,0.5494290089267946
mySPEA2,WFG2,HV,9,0.5531949982826878
mySPEA2,WFG2,HV,10,0.5512345067111069
mySPEA2,WFG2,HV,11,0.5499149071885461
mySPEA2,WFG2,HV,12,0.5484611066332811
mySPEA2,WFG2,HV,13,0.5536301409125554
mySPEA2,WFG2,HV,14,0.5498360373838178
mySPEA2,WFG2,HV,15,0.5504392075755362
mySPEA2,WFG2,HV,16,0.5506796806828422
mySPEA2,WFG2,HV,17,0.5565816843455343
mySPEA2,WFG2,HV,18,0.550648087086145
mySPEA2,WFG2,HV,19,0.5551828956973176
mySPEA2,WFG2,HV,20,0.5503892380909069
mySPEA2,WFG2,HV,21,0.5552731148013014
mySPEA2,WFG2,HV,22,0.5530573034380489
mySPEA2,WFG2,HV,23,0.550126595052638
mySPEA2,WFG2,HV,24,0.5548332575486945
mySPEA2,WFG2,HV,25,0.5551138557178464
mySPEA2,WFG2,HV,26,0.550825462844991
mySPEA2,WFG2,HV,27,0.5492063124663095
mySPEA2,WFG2,HV,28,0.5508824184591838
mySPEA2,WFG2,HV,29,0.550370299667263
mySPEA2,WFG2,HV,30,0.5507487557985873
mySPEA2,WFG2,HV,31,0.5552447490970955
mySPEA2,WFG2,HV,32,0.5492334831957433
mySPEA2,WFG2,HV,33,0.5552825650885844
mySPEA2,WFG2,HV,34,0.5512357961363578
mySPEA2,WFG2,HV,35,0.5510912227657644
mySPEA2,WFG2,HV,36,0.5498710494362298
mySPEA2,WFG2,HV,37,0.5499274097708615
mySPEA2,WFG2,HV,38,0.5512291137497779
mySPEA2,WFG2,HV,39,0.5490317926097724
mySPEA2,WFG3,HV,0,0.48998335262258447
mySPEA2,WFG3,HV,1,0.492105889736088
mySPEA2,WFG3,HV,2,0.49164358385532986
mySPEA2,WFG3,HV,3,0.4908327045869645
mySPEA2,WFG3,HV,4,0.49090419058597573
mySPEA2,WFG3,HV,5,0.4903255019575252
mySPEA2,WFG3,HV,6,0.4910632575072802
mySPEA2,WFG3,HV,7,0.49021509704231747
mySPEA2,WFG3,HV,8,0.4918607489072257
mySPEA2,WFG3,HV,9,0.4923758381158466
mySPEA2,WFG3,HV,10,0.49118693695757326
mySPEA2,WFG3,HV,11,0.4911279174058594
mySPEA2,WFG3,HV,12,0.4918606798758843
mySPEA2,WFG3,HV,13,0.49266414144936566
mySPEA2,WFG3,HV,14,0.49076377891625245
mySPEA2,WFG3,HV,15,0.4911137792016017
mySPEA2,WFG3,HV,16,0.49095328556192247
mySPEA2,WFG3,HV,17,0.4898115083144694
mySPEA2,WFG3,HV,18,0.49040543490043154
mySPEA2,WFG3,HV,19,0.49112855638706887
mySPEA2,WFG3,HV,20,0.49290383804665594
mySPEA2,WFG3,HV,21,0.4921961148907415
mySPEA2,WFG3,HV,22,0.49052687499000236
mySPEA2,WFG3,HV,23,0.4895931523577396
mySPEA2,WFG3,HV,24,0.49134982826449763
mySPEA2,WFG3,HV,25,0.4902187120363905
mySPEA2,WFG3,HV,26,0.4895349606823223
mySPEA2,WFG3,HV,27,0.4920069393975984
mySPEA2,WFG3,HV,28,0.48950430172908654
mySPEA2,WFG3,HV,29,0.4907609158343197
mySPEA2,WFG3,HV,30,0.4919159334896478
mySPEA2,WFG3,HV,31,0.4912133781859303
mySPEA2,WFG3,HV,32,0.4905384577093971
mySPEA2,WFG3,HV,33,0.4913801953362286
mySPEA2,WFG3,HV,34,0.49250231709282577
mySPEA2,WFG3,HV,35,0.4911151218290292
mySPEA2,WFG3,HV,36,0.49164750549331065
mySPEA2,WFG3,HV,37,0.4912128406884711
mySPEA2,WFG3,HV,38,0.4913929922658827
mySPEA2,WFG3,HV,39,0.48979016659834473
mySPEA2,WFG4,HV,0,0.20918216556134248
mySPEA2,WFG4,HV,1,0.2090108564388678
mySPEA2,WFG4,HV,2,0.20864231139880954
mySPEA2,WFG4,HV,3,0.20863773796375
mySPEA2,WFG4,HV,4,0.20845540119196637
mySPEA2,WFG4,HV,5,0.20871680812910992
mySPEA2,WFG4,HV,6,0.20920597106887975
mySPEA2,WFG4,HV,7,0.20891569283543443
mySPEA2,WFG4,HV,8,0.20838616345292424
mySPEA2,WFG4,HV,9,0.20890845228815041
mySPEA2,WFG4,HV,10,0.2082396333955914
mySPEA2,WFG4,HV,11,0.20859431240375395
mySPEA2,WFG4,HV,12,0.20829046520691658
mySPEA2,WFG4,HV,13,0.20780756346169704
mySPEA2,WFG4,HV,14,0.20865065383410145
mySPEA2,WFG4,HV,15,0.2080419282429238
mySPEA2,WFG4,HV,16,0.20880640403982723
mySPEA2,WFG4,HV,17,0.20893967292446863
mySPEA2,WFG4,HV,18,0.20817281970029597
mySPEA2,WFG4,HV,19,0.20847712622407405
mySPEA2,WFG4,HV,20,0.20874768889289783
mySPEA2,WFG4,HV,21,0.20860886291334368
mySPEA2,WFG4,HV,22,0.20801568332148543
mySPEA2,WFG4,HV,23,0.20903836433062692
mySPEA2,WFG4,HV,24,0.20833793871903164
mySPEA2,WFG4,HV,25,0.20826840405802396
mySPEA2,WFG4,HV,26,0.2087624188700115
mySPEA2,WFG4,HV,27,0.2081200399830087
mySPEA2,WFG4,HV,28,0.20874789055256698
mySPEA2,WFG4,HV,29,0.20886315962268792
mySPEA2,WFG4,HV,30,0.20866962603086758
mySPEA2,WFG4,HV,31,0.2086033768839439
mySPEA2,WFG4,HV,32,0.2086933765244567
mySPEA2,WFG4,HV,33,0.2086484149578724
mySPEA2,WFG4,HV,34,0.20847905468144007
mySPEA2,WFG4,HV,35,0.20881150448656335
mySPEA2,WFG4,HV,36,0.20846137023028494
mySPEA2,WFG4,HV,37,0.20842407195166507
mySPEA2,WFG4,HV,38,0.20914991468654984
mySPEA2,WFG4,HV,39,0.207771350290497
mySPEA2,WFG5,HV,0,0.17826946541858468
mySPEA2,WFG5,HV,1,0.17834553877172654
mySPEA2,WFG5,HV,2,0.1784825107640271
mySPEA2,WFG5,HV,3,0.1783569301197691
mySPEA2,WFG5,HV,4,0.17832870844360146
mySPEA2,WFG5,HV,5,0.17821742244034214
mySPEA2,WFG5,HV,6,0.17825157803702232
mySPEA2,WFG5,HV,7,0.17823215730244996
mySPEA2,WFG5,HV,8,0.17814567624926778
mySPEA2,WFG5,HV,9,0.17833930182953417
mySPEA2,WFG5,HV,10,0.17822599487556265
mySPEA2,WFG5,HV,11,0.17806824132550705
mySPEA2,WFG5,HV,12,0.17831098677572998
mySPEA2,WFG5,HV,13,0.1780420426332907
mySPEA2,WFG5,HV,14,0.17833818477819835
mySPEA2,WFG5,HV,15,0.1782909214619014
mySPEA2,WFG5,HV,16,0.17832522457688113
mySPEA2,WFG5,HV,17,0.17822549050034808
mySPEA2,WFG5,HV,18,0.17833955870786192
mySPEA2,WFG5,HV,19,0.17827556106930129
mySPEA2,WFG5,HV,20,0.17837059993421467
mySPEA2,WFG5,HV,21,0.17828202507415805
mySPEA2,WFG5,HV,22,0.17827390764348816
mySPEA2,WFG5,HV,23,0.17831295133850952
mySPEA2,WFG5,HV,24,0.1781856623141266
mySPEA2,WFG5,HV,25,0.1782379203796056
mySPEA2,WFG5,HV,26,0.17814899577708312
mySPEA2,WFG5,HV,27,0.17827378530049398
mySPEA2,WFG5,HV,28,0.17817333407572009
mySPEA2,WFG5,HV,29,0.17818908678515336
mySPEA2,WFG5,HV,30,0.17827958116759207
mySPEA2,WFG5,HV,31,0.17823542451417942
mySPEA2,WFG5,HV,32,0.1783280445021698
mySPEA2,WFG5,HV,33,0.17818709516975687
mySPEA2,WFG5,HV,34,0.17832706667025955
mySPEA2,WFG5,HV,35,0.17832735360590238
mySPEA2,WFG5,HV,36,0.17839781149302686
mySPEA2,WFG5,HV,37,0.1783335803847008
mySPEA2,WFG5,HV,38,0.17848334461908125
mySPEA2,WFG5,HV,39,0.17829092982753647
mySPEA2,WFG6,HV,0,0.17338574272170282
mySPEA2,WFG6,HV,1,0.1788885295033388
mySPEA2,WFG6,HV,2,0.18057426541837174
mySPEA2,WFG6,HV,3,0.18685252307793787
mySPEA2,WFG6,HV,4,0.18438481317884345
mySPEA2,WFG6,HV,5,0.1853663552226643
mySPEA2,WFG6,HV,6,0.19023513188970692
mySPEA2,WFG6,HV,7,0.18080458095562527
mySPEA2,WFG6,HV,8,0.1858221948615922
mySPEA2,WFG6,HV,9,0.18633875160144614
mySPEA2,WFG6,HV,10,0.18084647975389295
mySPEA2,WFG6,HV,11,0.18066862555036745
mySPEA2,WFG6,HV,12,0.18152296876285043
mySPEA2,WFG6,HV,13,0.18432650671514691
mySPEA2,WFG6,HV,14,0.18656612559889485
mySPEA2,WFG6,HV,15,0.17927906682447356
mySPEA2,WFG6,HV,16,0.17869874973306352
mySPEA2,WFG6,HV,17,0.18660101875202445
mySPEA2,WFG6,HV,18,0.1772320737925953
mySPEA2,WFG6,HV,19,0.19185231835812278
mySPEA2,WFG6,HV,20,0.17701273914498597
mySPEA2,WFG6,HV,21,0.18814067230644943
mySPEA2,WFG6,HV,22,0.1843358661594544
mySPEA2,WFG6,HV,23,0.18466289209659933
mySPEA2,WFG6,HV,24,0.17959300272754405
mySPEA2,WFG6,HV,25,0.17674907626977918
mySPEA2,WFG6,HV,26,0.18386958046832264
mySPEA2,WFG6,HV,27,0.18758260004510102
mySPEA2,WFG6,HV,28,0.19040692030719047
mySPEA2,WFG6,HV,29,0.17509043578806463
mySPEA2,WFG6,HV,30,0.17839186506540858
mySPEA2,WFG6,HV,31,0.17932909056223867
mySPEA2,WFG6,HV,32,0.1944372791319823
mySPEA2,WFG6,HV,33,0.18496153885740418
mySPEA2,WFG6,HV,34,0.18765186974221332
mySPEA2,WFG6,HV,35,0.17969884808708414
mySPEA2,WFG6,HV,36,0.17760627961629596
mySPEA2,WFG6,HV,37,0.17960266101884198
mySPEA2,WFG6,HV,38,0.18303562026313547
mySPEA2,WFG6,HV,39,0.17970144950564554
mySPEA2,WFG7,HV,0,0.20895172425579941
mySPEA2,WFG7,HV,1,0.20924274156427683
mySPEA2,WFG7,HV,2,0.20881063965603724
mySPEA2,WFG7,HV,3,0.20882717602343603
mySPEA2,WFG7,HV,4,0.2090294501163501
mySPEA2,WFG7,HV,5,0.20951556325890833
mySPEA2,WFG7,HV,6,0.20912447620941582
mySPEA2,WFG7,HV,7,0.20915562367065482
mySPEA2,WFG7,HV,8,0.2089624211688313
mySPEA2,WFG7,HV,9,0.2091395341158741
mySPEA2,WFG7,HV,10,0.20875679772477657
mySPEA2,WFG7,HV,11,0.20912304620938416
mySPEA2,WFG7,HV,12,0.20903561181438743
mySPEA2,WFG7,HV,13,0.20892151630794784
mySPEA2,WFG7,HV,14,0.20895647371105672
mySPEA2,WFG7,HV,15,0.2088637019998846
mySPEA2,WFG7,HV,16,0.20924226255200348
mySPEA2,WFG7,HV,17,0.20913318438194864
mySPEA2,WFG7,HV,18,0.20882639234537909
mySPEA2,WFG7,HV,19,0.20887315476402726
mySPEA2,WFG7,HV,20,0.20898383553617583
mySPEA2,WFG7,HV,21,0.20896848806039717
mySPEA2,WFG7,HV,22,0.20911480651813633
mySPEA2,WFG7,HV,23,0.20904851880151173
mySPEA2,WFG7,HV,24,0.20928240562164188
mySPEA2,WFG7,HV,25,0.20865222753773538
mySPEA2,WFG7,HV,26,0.20871918635317324
mySPEA2,WFG7,HV,27,0.20928561953039898
mySPEA2,WFG7,HV,28,0.20940421916377655
mySPEA2,WFG7,HV,29,0.20907659424065517
mySPEA2,WFG7,HV,30,0.2089373733582756
mySPEA2,WFG7,HV,31,0.20927631744521283
mySPEA2,WFG7,HV,32,0.20877416230824636
mySPEA2,WFG7,HV,33,0.20881124331977033
mySPEA2,WFG7,HV,34,0.20871657217183476
mySPEA2,WFG7,HV,35,0.20905150785856771
mySPEA2,WFG7,HV,36,0.20903268982938042
mySPEA2,WFG7,HV,37,0.20843609185101553
mySPEA2,WFG7,HV,38,0.20885534297647623
mySPEA2,WFG7,HV,39,0.20929094352545077
mySPEA2,WFG8,HV,0,0.17507860664806563
mySPEA2,WFG8,HV,1,0.17424638672915957
mySPEA2,WFG8,HV,2,0.17406668362358235
mySPEA2,WFG8,HV,3,0.1745232587307378
mySPEA2,WFG8,HV,4,0.17522030745407705
mySPEA2,WFG8,HV,5,0.17435504821074688
mySPEA2,WFG8,HV,6,0.17348877755207318
mySPEA2,WFG8,HV,7,0.1745635132059713
mySPEA2,WFG8,HV,8,0.17517432265927088
mySPEA2,WFG8,HV,9,0.1766396085444719
mySPEA2,WFG8,HV,10,0.17551743375431514
mySPEA2,WFG8,HV,11,0.17527907707121185
mySPEA2,WFG8,HV,12,0.1763294608977079
mySPEA2,WFG8,HV,13,0.17483335253273183
mySPEA2,WFG8,HV,14,0.17468594916505856
mySPEA2,WFG8,HV,15,0.17519628597761108
mySPEA2,WFG8,HV,16,0.175473384739461
mySPEA2,WFG8,HV,17,0.17555417472667156
mySPEA2,WFG8,HV,18,0.17457349484217857
mySPEA2,WFG8,HV,19,0.17648852308864618
mySPEA2,WFG8,HV,20,0.17523658255814037
mySPEA2,WFG8,HV,21,0.1750103137441023
mySPEA2,WFG8,HV,22,0.17474633402028814
mySPEA2,WFG8,HV,23,0.17596411008150617
mySPEA2,WFG8,HV,24,0.17540397337323085
mySPEA2,WFG8,HV,25,0.17612905223430614
mySPEA2,WFG8,HV,26,0.17657102566934796
mySPEA2,WFG8,HV,27,0.17498715319027874
mySPEA2,WFG8,HV,28,0.17476111803490485
mySPEA2,WFG8,HV,29,0.17456756832219236
mySPEA2,WFG8,HV,30,0.1761622086390556
mySPEA2,WFG8,HV,31,0.17501738666049502
mySPEA2,WFG8,HV,32,0.17517202135385543
mySPEA2,WFG8,HV,33,0.17660473911335337
mySPEA2,WFG8,HV,34,0.17627104109187822
mySPEA2,WFG8,HV,35,0.17475309844263653
mySPEA2,WFG8,HV,36,0.17524853053272532
mySPEA2,WFG8,HV,37,0.17572156901254846
mySPEA2,WFG8,HV,38,0.1752248258209552
mySPEA2,WFG8,HV,39,0.17481833881543332
mySPEA2,WFG9,HV,0,0.2059010936025939
mySPEA2,WFG9,HV,1,0.1536331012397129
mySPEA2,WFG9,HV,2,0.20434067433133443
mySPEA2,WFG9,HV,3,0.15365570377538584
mySPEA2,WFG9,HV,4,0.1535817849383077
mySPEA2,WFG9,HV,5,0.20371112482163584
mySPEA2,WFG9,HV,6,0.2069498453300892
mySPEA2,WFG9,HV,7,0.20561721355720636
mySPEA2,WFG9,HV,8,0.2058265926395741
mySPEA2,WFG9,HV,9,0.2040868503210441
mySPEA2,WFG9,HV,10,0.15380067616967596
mySPEA2,WFG9,HV,11,0.20585307840570835
mySPEA2,WFG9,HV,12,0.2053818141115597
mySPEA2,WFG9,HV,13,0.15376134228384758
mySPEA2,WFG9,HV,14,0.2047551555743886
mySPEA2,WFG9,HV,15,0.20442217801410628
mySPEA2,WFG9,HV,16,0.1537368338496108
mySPEA2,WFG9,HV,17,0.20470370807552857
mySPEA2,WFG9,HV,18,0.20619216009863922
mySPEA2,WFG9,HV,19,0.2069097149039288
mySPEA2,WFG9,HV,20,0.2045435913975248
mySPEA2,WFG9,HV,21,0.2076120961975585
mySPEA2,WFG9,HV,22,0.15339878058835985
mySPEA2,WFG9,HV,23,0.1537482506839012
mySPEA2,WFG9,HV,24,0.20499664482002336
mySPEA2,WFG9,HV,25,0.15376477956898366
mySPEA2,WFG9,HV,26,0.20411081873624695
mySPEA2,WFG9,HV,27,0.15384510992048456
mySPEA2,WFG9,HV,28,0.20422848717851455
mySPEA2,WFG9,HV,29,0.2071569766575706
mySPEA2,WFG9,HV,30,0.15355308785335323
mySPEA2,WFG9,HV,31,0.1537024744085096
mySPEA2,WFG9,HV,32,0.20582265531796368
mySPEA2,WFG9,HV,33,0.20477629982973702
mySPEA2,WFG9,HV,34,0.2036538028868608
mySPEA2,WFG9,HV,35,0.20536891682300065
mySPEA2,WFG9,HV,36,0.15372213941539722
mySPEA2,WFG9,HV,37,0.20346127684297782
mySPEA2,WFG9,HV,38,0.15378424284546938
mySPEA2,WFG9,HV,39,0.20725869029390087
myIBEA,WFG1,HV,0,0.5082709346449221
myIBEA,WFG1,HV,1,0.42884817832138683
myIBEA,WFG1,HV,2,0.5400874416419659
myIBEA,WFG1,HV,3,0.5764222351180603
myIBEA,WFG1,HV,4,0.5456139671968784
myIBEA,WFG1,HV,5,0.5767200721974124
myIBEA,WFG1,HV,6,0.6023984769316418
myIBEA,WFG1,HV,7,0.49081607744985073
myIBEA,WFG1,HV,8,0.5538233845165196
myIBEA,WFG1,HV,9,0.46304700005879307
myIBEA,WFG1,HV,10,0.579463477795521
myIBEA,WFG1,HV,11,0.5637719971608209
myIBEA,WFG1,HV,12,0.580050629056952
myIBEA,WFG1,HV,13,0.5016062181521498
myIBEA,WFG1,HV,14,0.5559580634126214
myIBEA,WFG1,HV,15,0.5788938696953289
myIBEA,WFG1,HV,16,0.49985364126196496
myIBEA,WFG1,HV,17,0.5987804285521997
myIBEA,WFG1,HV,18,0.5103673439386717
myIBEA,WFG1,HV,19,0.5614164036662004
myIBEA,WFG1,HV,20,0.466164321292203
myIBEA,WFG1,HV,21,0.5935174903255491
myIBEA,WFG1,HV,22,0.5429365101512156
myIBEA,WFG1,HV,23,0.5034264223165615
myIBEA,WFG1,HV,24,0.5674467285088726
myIBEA,WFG1,HV,25,0.47461517124659913
myIBEA,WFG1,HV,26,0.5278467452863652
myIBEA,WFG1,HV,27,0.600239867461737
myIBEA,WFG1,HV,28,0.5408111005510646
myIBEA,WFG1,HV,29,0.4697599578575962
myIBEA,WFG1,HV,30,0.5038126892518449
myIBEA,WFG1,HV,31,0.5904780065809706
myIBEA,WFG1,HV,32,0.5193133894434736
myIBEA,WFG1,HV,33,0.5877688538242185
myIBEA,WFG1,HV,34,0.5962904031258871
myIBEA,WFG1,HV,35,0.5326927440573332
myIBEA,WFG1,HV,36,0.5555910071420105
myIBEA,WFG1,HV,37,0.5981688340533572
myIBEA,WFG1,HV,38,0.5307109902020157
myIBEA,WFG1,HV,39,0.6019992006601838
myIBEA,WFG2,HV,0,0.5519899341162164
myIBEA,WFG2,HV,1,0.54705586681234
myIBEA,WFG2,HV,2,0.5490862958707502
myIBEA,WFG2,HV,3,0.5525132678342312
myIBEA,WFG2,HV,4,0.5494852974170332
myIBEA,WFG2,HV,5,0.5489168017953657
myIBEA,WFG2,HV,6,0.5515901231277415
myIBEA,WFG2,HV,7,0.5523009207806326
myIBEA,WFG2,HV,8,0.5492723558669298
myIBEA,WFG2,HV,9,0.5522453690009438
myIBEA,WFG2,HV,10,0.5501135298304355
myIBEA,WFG2,HV,11,0.5524060192177701
myIBEA,WFG2,HV,12,0.5519764393284431
myIBEA,WFG2,HV,13,0.5493083062809507
myIBEA,WFG2,HV,14,0.5502944624789837
myIBEA,WFG2,HV,15,0.5496937451387157
myIBEA,WFG2,HV,16,0.553062746852609
myIBEA,WFG2,HV,17,0.5486407104612498
myIBEA,WFG2,HV,18,0.5501069655697487
myIBEA,WFG2,HV,19,0.5528777273202966
myIBEA,WFG2,HV,20,0.5527843885446018
myIBEA,WFG2,HV,21,0.5469966101334562
myIBEA,WFG2,HV,22,0.5521375394516997
myIBEA,WFG2,HV,23,0.5501624530884988
myIBEA,WFG2,HV,24,0.5519187052247688
myIBEA,WFG2,HV,25,0.5519050699153648
myIBEA,WFG2,HV,26,0.5498215004910206
myIBEA,WFG2,HV,27,0.5532044078892631
myIBEA,WFG2,HV,28,0.5497842996812816
myIBEA,WFG2,HV,29,0.5491717640663341
myIBEA,WFG2,HV,30,0.5517187450987926
myIBEA,WFG2,HV,31,0.5525280879797739
myIBEA,WFG2,HV,32,0.5490523416521692
myIBEA,WFG2,HV,33,0.5485299097925181
myIBEA,WFG2,HV,34,0.5516962781156262
myIBEA,WFG2,HV,35,0.5529662133418944
myIBEA,WFG2,HV,36,0.5519607518717634
myIBEA,WFG2,HV,37,0.5525173570775396
myIBEA,WFG2,HV,38,0.5520924756419352
myIBEA,WFG2,HV,39,0.5496585456905843
myIBEA,WFG3,HV,0,0.49282080063477424
myIBEA,WFG3,HV,1,0.4926565930144565
myIBEA,WFG3,HV,2,0.4925475582643643
myIBEA,WFG3,HV,3,0.49385697788078
myIBEA,WFG3,HV,4,0.49225092824531597
myIBEA,WFG3,HV,5,0.4933505477755656
myIBEA,WFG3,HV,6,0.4911086994760622
myIBEA,WFG3,HV,7,0.49192650692571355
myIBEA,WFG3,HV,8,0.49320654075113235
myIBEA,WFG3,HV,9,0.4921296534618753
myIBEA,WFG3,HV,10,0.4927864637904033
myIBEA,WFG3,HV,11,0.49278618681434017
myIBEA,WFG3,HV,12,0.49045035333536424
myIBEA,WFG3,HV,13,0.4903344621650184
myIBEA,WFG3,HV,14,0.49220362235067117
myIBEA,WFG3,HV,15,0.4921460335850022
myIBEA,WFG3,HV,16,0.4925491858252439
myIBEA,WFG3,HV,17,0.49211550399806386
myIBEA,WFG3,HV,18,0.4924421284501682
myIBEA,WFG3,HV,19,0.4935778653877812
myIBEA,WFG3,HV,20,0.49298298939019997
myIBEA,WFG3,HV,21,0.49257765461972947
myIBEA,WFG3,HV,22,0.49158461394072717
myIBEA,WFG3,HV,23,0.49281377586936914
myIBEA,WFG3,HV,24,0.4916307199231494
myIBEA,WFG3,HV,25,0.492599680618644
myIBEA,WFG3,HV,26,0.49298256347884273
myIBEA,WFG3,HV,27,0.4935035947850932
myIBEA,WFG3,HV,28,0.491824540526781
myIBEA,WFG3,HV,29,0.492161733028066
myIBEA,WFG3,HV,30,0.4933728806601714
myIBEA,WFG3,HV,31,0.49288508635765305
myIBEA,WFG3,HV,32,0.4932638292878062
myIBEA,WFG3,HV,33,0.4929363157074356
myIBEA,WFG3,HV,34,0.49290696894823743
myIBEA,WFG3,HV,35,0.49328582003726223
myIBEA,WFG3,HV,36,0.4929306997917771
myIBEA,WFG3,HV,37,0.49201904512088956
myIBEA,WFG3,HV,38,0.4927284076666321
myIBEA,WFG3,HV,39,0.49194476192212916
myIBEA,WFG4,HV,0,0.2099408165249129
myIBEA,WFG4,HV,1,0.20978797557557077
myIBEA,WFG4,HV,2,0.2097624843028682
myIBEA,WFG4,HV,3,0.20985748122212441
myIBEA,WFG4,HV,4,0.20960280463152
myIBEA,WFG4,HV,5,0.2097441563971227
myIBEA,WFG4,HV,6,0.20993425787264955
myIBEA,WFG4,HV,7,0.20976412944530953
myIBEA,WFG4,HV,8,0.2099278883595016
myIBEA,WFG4,HV,9,0.20972439372666568
myIBEA,WFG4,HV,10,0.2098509876866739
myIBEA,WFG4,HV,11,0.20984629662866103
myIBEA,WFG4,HV,12,0.20967848950954948
myIBEA,WFG4,HV,13,0.2097900850237797
myIBEA,WFG4,HV,14,0.20998781737772604
myIBEA,WFG4,HV,15,0.20964141604471428
myIBEA,WFG4,HV,16,0.20987776664992985
myIBEA,WFG4,HV,17,0.20988188071024344
myIBEA,WFG4,HV,18,0.2098928047751456
myIBEA,WFG4,HV,19,0.2098446412609985
myIBEA,WFG4,HV,20,0.2099547703070653
myIBEA,WFG4,HV,21,0.20978809827532538
myIBEA,WFG4,HV,22,0.20976658140915708
myIBEA,WFG4,HV,23,0.20976743906545914
myIBEA,WFG4,HV,24,0.209833277968766
myIBEA,WFG4,HV,25,0.2096517976073781
myIBEA,WFG4,HV,26,0.20976016145921225
myIBEA,WFG4,HV,27,0.2098525160018284
myIBEA,WFG4,HV,28,0.20975238890734121
myIBEA,WFG4,HV,29,0.20980346936631955
myIBEA,WFG4,HV,30,0.20983222897856654
myIBEA,WFG4,HV,31,0.20993355800543867
myIBEA,WFG4,HV,32,0.20992302075627106
myIBEA,WFG4,HV,33,0.2097758796270807
myIBEA,WFG4,HV,34,0.20980508455131866
myIBEA,WFG4,HV,35,0.20984873113322997
myIBEA,WFG4,HV,36,0.20973982525667098
myIBEA,WFG4,HV,37,0.20952882365013267
myIBEA,WFG4,HV,38,0.2099261563957508
myIBEA,WFG4,HV,39,0.2098657064839585
myIBEA,WFG5,HV,0,0.17871046100857807
myIBEA,WFG5,HV,1,0.17867634304518254
myIBEA,WFG5,HV,2,0.17862665778030343
myIBEA,WFG5,HV,3,0.17866977212268867
myIBEA,WFG5,HV,4,0.17871421465846568
myIBEA,WFG5,HV,5,0.17868886178592538
myIBEA,WFG5,HV,6,0.17874132422577368
myIBEA,WFG5,HV,7,0.17878863407041448
myIBEA,WFG5,HV,8,0.1787898189970869
myIBEA,WFG5,HV,9,0.17866032166969953
myIBEA,WFG5,HV,10,0.17871745190545757
myIBEA,WFG5,HV,11,0.1787067460674625
myIBEA,WFG5,HV,12,0.17866996594507553
myIBEA,WFG5,HV,13,0.1787773060837153
myIBEA,WFG5,HV,14,0.1787436107708184
myIBEA,WFG5,HV,15,0.17876909651907316
myIBEA,WFG5,HV,16,0.17873006860785323
myIBEA,WFG5,HV,17,0.17865940052873372
myIBEA,WFG5,HV,18,0.17878237076529807
myIBEA,WFG5,HV,19,0.17865555920054454
myIBEA,WFG5,HV,20,0.17874386343328436
myIBEA,WFG5,HV,21,0.17881337982456366
myIBEA,WFG5,HV,22,0.17869258260125184
myIBEA,WFG5,HV,23,0.17872628832429616
myIBEA,WFG5,HV,24,0.17872285047392913
myIBEA,WFG5,HV,25,0.17874244240137885
myIBEA,WFG5,HV,26,0.17875085480165845
myIBEA,WFG5,HV,27,0.1787470523146961
myIBEA,WFG5,HV,28,0.17870056218739966
myIBEA,WFG5,HV,29,0.17874452134137214
myIBEA,WFG5,HV,30,0.1786243630967272
myIBEA,WFG5,HV,31,0.17871332309823712
myIBEA,WFG5,HV,32,0.1786759542123973
myIBEA,WFG5,HV,33,0.178765989375016
myIBEA,WFG5,HV,34,0.17866245632670022
myIBEA,WFG5,HV,35,0.17868042196105885
myIBEA,WFG5,HV,36,0.1787049555523696
myIBEA,WFG5,HV,37,0.17876068459744962
myIBEA,WFG5,HV,38,0.17878415145060036
myIBEA,WFG5,HV,39,0.1786782119917589
myIBEA,WFG6,HV,0,0.1821411447308698
myIBEA,WFG6,HV,1,0.18826234897508246
myIBEA,WFG6,HV,2,0.19278526134630106
myIBEA,WFG6,HV,3,0.18403101937190142
myIBEA,WFG6,HV,4,0.18782102108469068
myIBEA,WFG6,HV,5,0.1849875848959125
myIBEA,WFG6,HV,6,0.18092985274059914
myIBEA,WFG6,HV,7,0.18141080222081538
myIBEA,WFG6,HV,8,0.18691254680016064
myIBEA,WFG6,HV,9,0.19248276791372268
myIBEA,WFG6,HV,10,0.17881383069477888
myIBEA,WFG6,HV,11,0.19145642616111222
myIBEA,WFG6,HV,12,0.183182232324275
myIBEA,WFG6,HV,13,0.1803030309113468
myIBEA,WFG6,HV,14,0.18467456468868798
myIBEA,WFG6,HV,15,0.18871061596348587
myIBEA,WFG6,HV,16,0.17884262225900086
myIBEA,WFG6,HV,17,0.18143761365115466
myIBEA,WFG6,HV,18,0.18044132581011202
myIBEA,WFG6,HV,19,0.17836591920743142
myIBEA,WFG6,HV,20,0.17793516827050881
myIBEA,WFG6,HV,21,0.1812206935921995
myIBEA,WFG6,HV,22,0.17732560740923214
myIBEA,WFG6,HV,23,0.182636925756602
myIBEA,WFG6,HV,24,0.18234453253690477
myIBEA,WFG6,HV,25,0.18551266505249572
myIBEA,WFG6,HV,26,0.18886841847438865
myIBEA,WFG6,HV,27,0.1825378668198601
myIBEA,WFG6,HV,28,0.18302821529538016
myIBEA,WFG6,HV,29,0.1842425228583324
myIBEA,WFG6,HV,30,0.18719006334724397
myIBEA,WFG6,HV,31,0.18408856576329746
myIBEA,WFG6,HV,32,0.1805786406084549
myIBEA,WFG6,HV,33,0.1848050293400485
myIBEA,WFG6,HV,34,0.18407561879323966
myIBEA,WFG6,HV,35,0.18781796121066505
myIBEA,WFG6,HV,36,0.18245683747894287
myIBEA,WFG6,HV,37,0.1827821221700128
myIBEA,WFG6,HV,38,0.18880196834452884
myIBEA,WFG6,HV,39,0.18317018784603914
myIBEA,WFG7,HV,0,0.20982069885567872
myIBEA,WFG7,HV,1,0.20984153925308452
myIBEA,WFG7,HV,2,0.20986922572909747
myIBEA,WFG7,HV,3,0.20977237698271564
myIBEA,WFG7,HV,4,0.2096754286473881
myIBEA,WFG7,HV,5,0.2097192160340109
myIBEA,WFG7,HV,6,0.2098381678081967
myIBEA,WFG7,HV,7,0.20987419116854836
myIBEA,WFG7,HV,8,0.20967351061853884
myIBEA,WFG7,HV,9,0.20983454388369435
myIBEA,WFG7,HV,10,0.20972753771987135
myIBEA,WFG7,HV,11,0.20965307793569185
myIBEA,WFG7,HV,12,0.20973088295399978
myIBEA,WFG7,HV,13,0.20973607586518858
myIBEA,WFG7,HV,14,0.2098228996227619
myIBEA,WFG7,HV,15,0.2099814157765004
myIBEA,WFG7,HV,16,0.20977894515919418
myIBEA,WFG7,HV,17,0.2097869017958428
myIBEA,WFG7,HV,18,0.20984496300691333
myIBEA,WFG7,HV,19,0.20986174589758497
myIBEA,WFG7,HV,20,0.20993728581823815
myIBEA,WFG7,HV,21,0.2098865041113884
myIBEA,WFG7,HV,22,0.2098608302716689
myIBEA,WFG7,HV,23,0.20976798412202793
myIBEA,WFG7,HV,24,0.2099070171838321
myIBEA,WFG7,HV,25,0.20982874322537687
myIBEA,WFG7,HV,26,0.2097418589262877
myIBEA,WFG7,HV,27,0.20991980216493877
myIBEA,WFG7,HV,28,0.20976348605367445
myIBEA,WFG7,HV,29,0.20991676886329988
myIBEA,WFG7,HV,30,0.20964915076230908
myIBEA,WFG7,HV,31,0.2096564946451561
myIBEA,WFG7,HV,32,0.20999813398557898
myIBEA,WFG7,HV,33,0.2098867114833329
myIBEA,WFG7,HV,34,0.20988296457531075
myIBEA,WFG7,HV,35,0.2098955980101049
myIBEA,WFG7,HV,36,0.20975127407932967
myIBEA,WFG7,HV,37,0.20974014690740544
myIBEA,WFG7,HV,38,0.20989251964430355
myIBEA,WFG7,HV,39,0.20983390980636352
myIBEA,WFG8,HV,0,0.1753816296227175
myIBEA,WFG8,HV,1,0.1771276059907301
myIBEA,WFG8,HV,2,0.17708527821375794
myIBEA,WFG8,HV,3,0.17386582611034523
myIBEA,WFG8,HV,4,0.17224902342860382
myIBEA,WFG8,HV,5,0.17305903122233768
myIBEA,WFG8,HV,6,0.17743989263522636
myIBEA,WFG8,HV,7,0.1757611257322006
myIBEA,WFG8,HV,8,0.17401235245987667
myIBEA,WFG8,HV,9,0.17685507532768868
myIBEA,WFG8,HV,10,0.17377415756318706
myIBEA,WFG8,HV,11,0.17752327304424267
myIBEA,WFG8,HV,12,0.17348406802994884
myIBEA,WFG8,HV,13,0.1745579748662729
myIBEA,WFG8,HV,14,0.17473575597440744
myIBEA,WFG8,HV,15,0.17363751767115973
myIBEA,WFG8,HV,16,0.17650497446133412
myIBEA,WFG8,HV,17,0.17440624387716397
myIBEA,WFG8,HV,18,0.17620945005601366
myIBEA,WFG8,HV,19,0.17685400357394204
myIBEA,WFG8,HV,20,0.17452892131945688
myIBEA,WFG8,HV,21,0.1738999989810026
myIBEA,WFG8,HV,22,0.17286560957197283
myIBEA,WFG8,HV,23,0.1735519778637835
myIBEA,WFG8,HV,24,0.17340217584352444
myIBEA,WFG8,HV,25,0.17466052250401762
myIBEA,WFG8,HV,26,0.17584854479590145
myIBEA,WFG8,HV,27,0.17400282647304044
myIBEA,WFG8,HV,28,0.17337112021171855
myIBEA,WFG8,HV,29,0.17492547240536116
myIBEA,WFG8,HV,30,0.1771440344868997
myIBEA,WFG8,HV,31,0.17705072105700964
myIBEA,WFG8,HV,32,0.17387744088928753
myIBEA,WFG8,HV,33,0.17599933366631262
myIBEA,WFG8,HV,34,0.17379458582325585
myIBEA,WFG8,HV,35,0.17712330379609706
myIBEA,WFG8,HV,36,0.1737829300681383
myIBEA,WFG8,HV,37,0.17543079959299232
myIBEA,WFG8,HV,38,0.17344676360199682
myIBEA,WFG8,HV,39,0.17406034966550557
myIBEA,WFG9,HV,0,0.20461788767383018
myIBEA,WFG9,HV,1,0.1541575676296837
myIBEA,WFG9,HV,2,0.20642445230281037
myIBEA,WFG9,HV,3,0.1542034493393571
myIBEA,WFG9,HV,4,0.20768722495338432
myIBEA,WFG9,HV,5,0.20664776876776736
myIBEA,WFG9,HV,6,0.15406583070821808
myIBEA,WFG9,HV,7,0.1541834521786932
myIBEA,WFG9,HV,8,0.15414306690701837
myIBEA,WFG9,HV,9,0.20727656611239625
myIBEA,WFG9,HV,10,0.15414066700926568
myIBEA,WFG9,HV,11,0.20575198960682856
myIBEA,WFG9,HV,12,0.20215260402458934
myIBEA,WFG9,HV,13,0.154213258241986
myIBEA,WFG9,HV,14,0.1541745716717088
myIBEA,WFG9,HV,15,0.20539008784909002
myIBEA,WFG9,HV,16,0.20631477798588335
myIBEA,WFG9,HV,17,0.20591323805057643
myIBEA,WFG9,HV,18,0.1542224470991495
myIBEA,WFG9,HV,19,0.20587561718074393
myIBEA,WFG9,HV,20,0.20583730572007947
myIBEA,WFG9,HV,21,0.20722012845667662
myIBEA,WFG9,HV,22,0.15422057303462455
myIBEA,WFG9,HV,23,0.15414833506582462
myIBEA,WFG9,HV,24,0.20549357561761253
myIBEA,WFG9,HV,25,0.20519047889428202
myIBEA,WFG9,HV,26,0.15427552457026805
myIBEA,WFG9,HV,27,0.15409160875920158
myIBEA,WFG9,HV,28,0.15425336748817875
myIBEA,WFG9,HV,29,0.15417708844760375
myIBEA,WFG9,HV,30,0.20541847026423027
myIBEA,WFG9,HV,31,0.20720408153532388
myIBEA,WFG9,HV,32,0.2057429829238545
myIBEA,WFG9,HV,33,0.20416399542940772
myIBEA,WFG9,HV,34,0.1541531040950697
myIBEA,WFG9,HV,35,0.15420610687630013
myIBEA,WFG9,HV,36,0.20586010975744654
myIBEA,WFG9,HV,37,0.207588993321639
myIBEA,WFG9,HV,38,0.20634463124030736
myIBEA,WFG9,HV,39,0.1541918417375243
myGDE3,WFG1,HV,0,0.5916396214908574
myGDE3,WFG1,HV,1,0.5895615583972905
myGDE3,WFG1,HV,2,0.5891237248910894
myGDE3,WFG1,HV,3,0.6034184784875195
myGDE3,WFG1,HV,4,0.6038105787425312
myGDE3,WFG1,HV,5,0.60336160552363
myGDE3,WFG1,HV,6,0.6033422312941884
myGDE3,WFG1,HV,7,0.6035666472288155
myGDE3,WFG1,HV,8,0.6031663695793145
myGDE3,WFG1,HV,9,0.6033824083518688
myGDE3,WFG1,HV,10,0.6020622903493644
myGDE3,WFG1,HV,11,0.603544064721805
myGDE3,WFG1,HV,12,0.6036222363485417
myGDE3,WFG1,HV,13,0.6024775247350981
myGDE3,WFG1,HV,14,0.6033361832349065
myGDE3,WFG1,HV,15,0.6035201768992503
myGDE3,WFG1,HV,16,0.6023967161524179
myGDE3,WFG1,HV,17,0.6035666751983102
myGDE3,WFG1,HV,18,0.6029071368794541
myGDE3,WFG1,HV,19,0.5944577144642937
myGDE3,WFG1,HV,20,0.6031080937383544
myGDE3,WFG1,HV,21,0.5638057868877898
myGDE3,WFG1,HV,22,0.602636552780422
myGDE3,WFG1,HV,23,0.5922602810210332
myGDE3,WFG1,HV,24,0.5442618691170682
myGDE3,WFG1,HV,25,0.6038883303138185
myGDE3,WFG1,HV,26,0.6022330362621613
myGDE3,WFG1,HV,27,0.6034922889926574
myGDE3,WFG1,HV,28,0.5948485847132665
myGDE3,WFG1,HV,29,0.6032112763137532
myGDE3,WFG1,HV,30,0.5611359208133233
myGDE3,WFG1,HV,31,0.6039014934910645
myGDE3,WFG1,HV,32,0.6035862968021675
myGDE3,WFG1,HV,33,0.602997892509707
myGDE3,WFG1,HV,34,0.5947468535684622
myGDE3,WFG1,HV,35,0.6035546524038174
myGDE3,WFG1,HV,36,0.6020601124947295
myGDE3,WFG1,HV,37,0.6037995576224768
myGDE3,WFG1,HV,38,0.6037660777063678
myGDE3,WFG1,HV,39,0.6029986120994583
myGDE3,WFG2,HV,0,0.5573962118400718
myGDE3,WFG2,HV,1,0.5572125436670513
myGDE3,WFG2,HV,2,0.5573404573672028
myGDE3,WFG2,HV,3,0.5571128343049757
myGDE3,WFG2,HV,4,0.5572792388038559
myGDE3,WFG2,HV,5,0.5572600936744648
myGDE3,WFG2,HV,6,0.5574296536473818
myGDE3,WFG2,HV,7,0.5572465970513255
myGDE3,WFG2,HV,8,0.5571391404099868
myGDE3,WFG2,HV,9,0.5572776826698658
myGDE3,WFG2,HV,10,0.5573139780780376
myGDE3,WFG2,HV,11,0.557149732764017
myGDE3,WFG2,HV,12,0.5572533391573458
myGDE3,WFG2,HV,13,0.5573047548440776
myGDE3,WFG2,HV,14,0.5572682531282103
myGDE3,WFG2,HV,15,0.5572418968524445
myGDE3,WFG2,HV,16,0.5573816342172416
myGDE3,WFG2,HV,17,0.5569487700607944
myGDE3,WFG2,HV,18,0.5572284154660992
myGDE3,WFG2,HV,19,0.5522287667698823
myGDE3,WFG2,HV,20,0.5572197168378115
myGDE3,WFG2,HV,21,0.5570300822777982
myGDE3,WFG2,HV,22,0.5571099086547217
myGDE3,WFG2,HV,23,0.5572671786673519
myGDE3,WFG2,HV,24,0.5573939347384168
myGDE3,WFG2,HV,25,0.5574969388965219
myGDE3,WFG2,HV,26,0.5573201810826497
myGDE3,WFG2,HV,27,0.5572787385132867
myGDE3,WFG2,HV,28,0.5573260898493796
myGDE3,WFG2,HV,29,0.557303851756622
myGDE3,WFG2,HV,30,0.5573760157993023
myGDE3,WFG2,HV,31,0.5573674306385301
myGDE3,WFG2,HV,32,0.5573327878500883
myGDE3,WFG2,HV,33,0.5572644079750075
myGDE3,WFG2,HV,34,0.5571869353368192
myGDE3,WFG2,HV,35,0.5572118535902744
myGDE3,WFG2,HV,36,0.5573676555676099
myGDE3,WFG2,HV,37,0.5523770832233401
myGDE3,WFG2,HV,38,0.5554348412327085
myGDE3,WFG2,HV,39,0.5572357092096617
myGDE3,WFG3,HV,0,0.49062302412955544
myGDE3,WFG3,HV,1,0.49165187266094734
myGDE3,WFG3,HV,2,0.49246775559227857
myGDE3,WFG3,HV,3,0.4928158063587333
myGDE3,WFG3,HV,4,0.4922874400717235
myGDE3,WFG3,HV,5,0.4860768162579655
myGDE3,WFG3,HV,6,0.4903275030965621
myGDE3,WFG3,HV,7,0.4925625887801203
myGDE3,WFG3,HV,8,0.49264376523370657
myGDE3,WFG3,HV,9,0.4926811553393909
myGDE3,WFG3,HV,10,0.4911852732723545
myGDE3,WFG3,HV,11,0.4897269554489406
myGDE3,WFG3,HV,12,0.49282846191157176
myGDE3,WFG3,HV,13,0.4929166833356073
myGDE3,WFG3,HV,14,0.4882058579451091
myGDE3,WFG3,HV,15,0.4920120728249603
myGDE3,WFG3,HV,16,0.49307648807619275
myGDE3,WFG3,HV,17,0.4916869214872182
myGDE3,WFG3,HV,18,0.4911648267795839
myGDE3,WFG3,HV,19,0.4922144260052955
myGDE3,WFG3,HV,20,0.48947755516121916
myGDE3,WFG3,HV,21,0.4923474586314558
myGDE3,WFG3,HV,22,0.4925508445730881
myGDE3,WFG3,HV,23,0.49156861098315513
myGDE3,WFG3,HV,24,0.4911025629782585
myGDE3,WFG3,HV,25,0.4922388955504255
myGDE3,WFG3,HV,26,0.49173427872352793
myGDE3,WFG3,HV,27,0.49170727528001507
myGDE3,WFG3,HV,28,0.49186878369551396
myGDE3,WFG3,HV,29,0.49274014414922956
myGDE3,WFG3,HV,30,0.492441547107966
myGDE3,WFG3,HV,31,0.49106730265820314
myGDE3,WFG3,HV,32,0.4933735611563037
myGDE3,WFG3,HV,33,0.49220859926719057
myGDE3,WFG3,HV,34,0.49272108267438725
myGDE3,WFG3,HV,35,0.492839854723524
myGDE3,WFG3,HV,36,0.49185470244355645
myGDE3,WFG3,HV,37,0.4928656028935507
myGDE3,WFG3,HV,38,0.4918416674516623
myGDE3,WFG3,HV,39,0.4934551225376938
myGDE3,WFG4,HV,0,0.20765397683142636
myGDE3,WFG4,HV,1,0.2096875585255277
myGDE3,WFG4,HV,2,0.20847541257663296
myGDE3,WFG4,HV,3,0.20791592819958535
myGDE3,WFG4,HV,4,0.2088566703806331
myGDE3,WFG4,HV,5,0.20879927710344423
myGDE3,WFG4,HV,6,0.20898576580436762
myGDE3,WFG4,HV,7,0.20728174500442836
myGDE3,WFG4,HV,8,0.20867358159421437
myGDE3,WFG4,HV,9,0.20915674212728647
myGDE3,WFG4,HV,10,0.2081272415006314
myGDE3,WFG4,HV,11,0.2081721746432389
myGDE3,WFG4,HV,12,0.20821963219081718
myGDE3,WFG4,HV,13,0.20916698893956326
myGDE3,WFG4,HV,14,0.20843029688861317
myGDE3,WFG4,HV,15,0.20951668166990262
myGDE3,WFG4,HV,16,0.20853601962518872
myGDE3,WFG4,HV,17,0.20890915265820326
myGDE3,WFG4,HV,18,0.2094121521344499
myGDE3,WFG4,HV,19,0.20878767017030694
myGDE3,WFG4,HV,20,0.20824469682896352
myGDE3,WFG4,HV,21,0.20758007726084582
myGDE3,WFG4,HV,22,0.2080074071137803
myGDE3,WFG4,HV,23,0.2070736664163363
myGDE3,WFG4,HV,24,0.20832604039948333
myGDE3,WFG4,HV,25,0.20967067918562368
myGDE3,WFG4,HV,26,0.20900866940178078
myGDE3,WFG4,HV,27,0.2075899121046066
myGDE3,WFG4,HV,28,0.20877125576225378
myGDE3,WFG4,HV,29,0.2093417972852888
myGDE3,WFG4,HV,30,0.20856752252593655
myGDE3,WFG4,HV,31,0.20787810482390676
myGDE3,WFG4,HV,32,0.20880797594943473
myGDE3,WFG4,HV,33,0.20856491285760972
myGDE3,WFG4,HV,34,0.20908011243926022
myGDE3,WFG4,HV,35,0.2093935126244805
myGDE3,WFG4,HV,36,0.2088355308417374
myGDE3,WFG4,HV,37,0.20877677472527614
myGDE3,WFG4,HV,38,0.2090168550757077
myGDE3,WFG4,HV,39,0.2080270807751436
myGDE3,WFG5,HV,0,0.1779006932777687
myGDE3,WFG5,HV,1,0.17650276553486358
myGDE3,WFG5,HV,2,0.17751808032160574
myGDE3,WFG5,HV,3,0.17735023787586596
myGDE3,WFG5,HV,4,0.1773290804927369
myGDE3,WFG5,HV,5,0.177047319793147
myGDE3,WFG5,HV,6,0.17730404818643544
myGDE3,WFG5,HV,7,0.17733303158222072
myGDE3,WFG5,HV,8,0.17715905091828021
myGDE3,WFG5,HV,9,0.17757503018190224
myGDE3,WFG5,HV,10,0.17732409909193853
myGDE3,WFG5,HV,11,0.17698271824650133
myGDE3,WFG5,HV,12,0.17939999216085156
myGDE3,WFG5,HV,13,0.17636009207009065
myGDE3,WFG5,HV,14,0.17762713585495607
myGDE3,WFG5,HV,15,0.17733545294512143
myGDE3,WFG5,HV,16,0.1770845743526359
myGDE3,WFG5,HV,17,0.17734882876492353
myGDE3,WFG5,HV,18,0.17711785612745276
myGDE3,WFG5,HV,19,0.17719158999348023
myGDE3,WFG5,HV,20,0.17703030406125964
myGDE3,WFG5,HV,21,0.1770655992097033
myGDE3,WFG5,HV,22,0.17776578151506509
myGDE3,WFG5,HV,23,0.17773220498451495
myGDE3,WFG5,HV,24,0.17736435125188424
myGDE3,WFG5,HV,25,0.1768251824023623
myGDE3,WFG5,HV,26,0.17777719947491755
myGDE3,WFG5,HV,27,0.1768617884939126
myGDE3,WFG5,HV,28,0.1773989847694049
myGDE3,WFG5,HV,29,0.1771468582692797
myGDE3,WFG5,HV,30,0.1771638521221089
myGDE3,WFG5,HV,31,0.17711467704117625
myGDE3,WFG5,HV,32,0.17739470661416074
myGDE3,WFG5,HV,33,0.17718984734403678
myGDE3,WFG5,HV,34,0.1770970213394793
myGDE3,WFG5,HV,35,0.17690743656620167
myGDE3,WFG5,HV,36,0.1769475997379936
myGDE3,WFG5,HV,37,0.17714933403494798
myGDE3,WFG5,HV,38,0.17622146315521048
myGDE3,WFG5,HV,39,0.17690841326582418
myGDE3,WFG6,HV,0,0.18594206271642463
myGDE3,WFG6,HV,1,0.18072777922305922
myGDE3,WFG6,HV,2,0.18885940295691483
myGDE3,WFG6,HV,3,0.18648232685468055
myGDE3,WFG6,HV,4,0.18082841806947758
myGDE3,WFG6,HV,5,0.1775052368283275
myGDE3,WFG6,HV,6,0.18304888482856144
myGDE3,WFG6,HV,7,0.18232856731801592
myGDE3,WFG6,HV,8,0.1761321855111423
myGDE3,WFG6,HV,9,0.1852427697576129
myGDE3,WFG6,HV,10,0.1799419489154301
myGDE3,WFG6,HV,11,0.1902886662023402
myGDE3,WFG6,HV,12,0.18732551762168292
myGDE3,WFG6,HV,13,0.18439470404376707
myGDE3,WFG6,HV,14,0.18371447118772136
myGDE3,WFG6,HV,15,0.18401905273158056
myGDE3,WFG6,HV,16,0.1862284946876646
myGDE3,WFG6,HV,17,0.185099206447979
myGDE3,WFG6,HV,18,0.18351555119696045
myGDE3,WFG6,HV,19,0.18298008711744926
myGDE3,WFG6,HV,20,0.1827645100738677
myGDE3,WFG6,HV,21,0.18562428127313546
myGDE3,WFG6,HV,22,0.1833589646884968
myGDE3,WFG6,HV,23,0.18641274167501778
myGDE3,WFG6,HV,24,0.17948800290500994
myGDE3,WFG6,HV,25,0.18325995209498228
myGDE3,WFG6,HV,26,0.1842875728312402
myGDE3,WFG6,HV,27,0.18030763711437486
myGDE3,WFG6,HV,28,0.1787213049364652
myGDE3,WFG6,HV,29,0.1831840877786239
myGDE3,WFG6,HV,30,0.18730462882872081
myGDE3,WFG6,HV,31,0.18462718638071576
myGDE3,WFG6,HV,32,0.179684080585328
myGDE3,WFG6,HV,33,0.18144037563547102
myGDE3,WFG6,HV,34,0.18078337783058998
myGDE3,WFG6,HV,35,0.18263060116751834
myGDE3,WFG6,HV,36,0.1820723108182003
myGDE3,WFG6,HV,37,0.17935614143000164
myGDE3,WFG6,HV,38,0.1796001521116869
myGDE3,WFG6,HV,39,0.17906211629579527
myGDE3,WFG7,HV,0,0.20933136053542048
myGDE3,WFG7,HV,1,0.20816092839426634
myGDE3,WFG7,HV,2,0.20725304857786211
myGDE3,WFG7,HV,3,0.2087054248841739
myGDE3,WFG7,HV,4,0.2086260851747219
myGDE3,WFG7,HV,5,0.20906727334131917
myGDE3,WFG7,HV,6,0.20861757734906605
myGDE3,WFG7,HV,7,0.20829089188326855
myGDE3,WFG7,HV,8,0.2085834515891345
myGDE3,WFG7,HV,9,0.20910828890789118
myGDE3,WFG7,HV,10,0.20872249563403159
myGDE3,WFG7,HV,11,0.20803553979837178
myGDE3,WFG7,HV,12,0.20779300877423149
myGDE3,WFG7,HV,13,0.2084769932314131
myGDE3,WFG7,HV,14,0.2094730334436695
myGDE3,WFG7,HV,15,0.2086790731489488
myGDE3,WFG7,HV,16,0.20884855203107108
myGDE3,WFG7,HV,17,0.20932426401240292
myGDE3,WFG7,HV,18,0.2086645621663056
myGDE3,WFG7,HV,19,0.2082060681111973
myGDE3,WFG7,HV,20,0.2083974606889997
myGDE3,WFG7,HV,21,0.20898903440035926
myGDE3,WFG7,HV,22,0.2085712571533982
myGDE3,WFG7,HV,23,0.20841171106317405
myGDE3,WFG7,HV,24,0.2087397164589654
myGDE3,WFG7,HV,25,0.20856361688859804
myGDE3,WFG7,HV,26,0.20881541247680113
myGDE3,WFG7,HV,27,0.20890486554388008
myGDE3,WFG7,HV,28,0.20889229794458763
myGDE3,WFG7,HV,29,0.20826273233641643
myGDE3,WFG7,HV,30,0.2080127102131423
myGDE3,WFG7,HV,31,0.20843909811244263
myGDE3,WFG7,HV,32,0.20868335015764058
myGDE3,WFG7,HV,33,0.20884652804902798
myGDE3,WFG7,HV,34,0.20881956489104125
myGDE3,WFG7,HV,35,0.20909605793454702
myGDE3,WFG7,HV,36,0.2084988301336438
myGDE3,WFG7,HV,37,0.20851033454930457
myGDE3,WFG7,HV,38,0.2090086307232925
myGDE3,WFG7,HV,39,0.20874229689523335
myGDE3,WFG8,HV,0,0.1759090208394057
myGDE3,WFG8,HV,1,0.1745089555075067
myGDE3,WFG8,HV,2,0.175372804376055
myGDE3,WFG8,HV,3,0.17612128670617405
myGDE3,WFG8,HV,4,0.17710423036628983
myGDE3,WFG8,HV,5,0.17610612642190493
myGDE3,WFG8,HV,6,0.17598986961958846
myGDE3,WFG8,HV,7,0.1761800138889274
myGDE3,WFG8,HV,8,0.1772893478146268
myGDE3,WFG8,HV,9,0.17530724080470472
myGDE3,WFG8,HV,10,0.1767519637203602
myGDE3,WFG8,HV,11,0.1755075521203112
myGDE3,WFG8,HV,12,0.1750142368855313
myGDE3,WFG8,HV,13,0.17684968660763906
myGDE3,WFG8,HV,14,0.17609252208570786
myGDE3,WFG8,HV,15,0.17673061927249614
myGDE3,WFG8,HV,16,0.17645389717481208
myGDE3,WFG8,HV,17,0.17580991126075782
myGDE3,WFG8,HV,18,0.17670040994377592
myGDE3,WFG8,HV,19,0.17539186061965278
myGDE3,WFG8,HV,20,0.17684164377982142
myGDE3,WFG8,HV,21,0.176670883877964
myGDE3,WFG8,HV,22,0.1760103402563535
myGDE3,WFG8,HV,23,0.1747583545617523
myGDE3,WFG8,HV,24,0.17552041776599211
myGDE3,WFG8,HV,25,0.17623154059146517
myGDE3,WFG8,HV,26,0.17626275424475468
myGDE3,WFG8,HV,27,0.17591131300730073
myGDE3,WFG8,HV,28,0.17755904004439485
myGDE3,WFG8,HV,29,0.17570402138340382
myGDE3,WFG8,HV,30,0.17667785939241096
myGDE3,WFG8,HV,31,0.1755092433186981
myGDE3,WFG8,HV,32,0.17580615615220177
myGDE3,WFG8,HV,33,0.175437323046428
myGDE3,WFG8,HV,34,0.17618951074012734
myGDE3,WFG8,HV,35,0.17514626725114915
myGDE3,WFG8,HV,36,0.17486356376800313
myGDE3,WFG8,HV,37,0.17559721897790986
myGDE3,WFG8,HV,38,0.17586961162710704
myGDE3,WFG8,HV,39,0.175317504780655
myGDE3,WFG9,HV,0,0.20574733177081825
myGDE3,WFG9,HV,1,0.15357558504277974
myGDE3,WFG9,HV,2,0.15322472834580528
myGDE3,WFG9,HV,3,0.15336929588925818
myGDE3,WFG9,HV,4,0.153694487872618
myGDE3,WFG9,HV,5,0.20611394562613033
myGDE3,WFG9,HV,6,0.15291129869153716
myGDE3,WFG9,HV,7,0.15332584687465714
myGDE3,WFG9,HV,8,0.15320163454374683
myGDE3,WFG9,HV,9,0.15333845248831598
myGDE3,WFG9,HV,10,0.20426998279671077
myGDE3,WFG9,HV,11,0.1978753725011893
myGDE3,WFG9,HV,12,0.20498044191864392
myGDE3,WFG9,HV,13,0.15324463830224241
myGDE3,WFG9,HV,14,0.20431843716995252
myGDE3,WFG9,HV,15,0.15313121032060442
myGDE3,WFG9,HV,16,0.20617982822289901
myGDE3,WFG9,HV,17,0.15375071447819602
myGDE3,WFG9,HV,18,0.1536852603000131
myGDE3,WFG9,HV,19,0.1532470239108774
myGDE3,WFG9,HV,20,0.20603081540521537
myGDE3,WFG9,HV,21,0.15371253357692535
myGDE3,WFG9,HV,22,0.20815360825782492
myGDE3,WFG9,HV,23,0.2062372751029108
myGDE3,WFG9,HV,24,0.1530008278676071
myGDE3,WFG9,HV,25,0.20341864620762662
myGDE3,WFG9,HV,26,0.15360690153291634
myGDE3,WFG9,HV,27,0.20592910104333484
myGDE3,WFG9,HV,28,0.15375912994519067
myGDE3,WFG9,HV,29,0.15394794310095922
myGDE3,WFG9,HV,30,0.15366946196748044
myGDE3,WFG9,HV,31,0.1527827704840994
myGDE3,WFG9,HV,32,0.15333160667982132
myGDE3,WFG9,HV,33,0.1533588767543158
myGDE3,WFG9,HV,34,0.1534114971843146
myGDE3,WFG9,HV,35,0.15382216861746684
myGDE3,WFG9,HV,36,0.20542774844940778
myGDE3,WFG9,HV,37,0.2058644478659001
myGDE3,WFG9,HV,38,0.15373324327438193
myGDE3,WFG9,HV,39,0.205286540647219
mIBEA,WFG1,HV,0,0.4627567527820329
mIBEA,WFG1,HV,1,0.5151554598603676
mIBEA,WFG1,HV,2,0.5238274348261667
mIBEA,WFG1,HV,3,0.42675873351033344
mIBEA,WFG1,HV,4,0.4540856579803599
mIBEA,WFG1,HV,5,0.30924509282316887
mIBEA,WFG1,HV,6,0.5275686755189318
mIBEA,WFG1,HV,7,0.5281683705355742
mIBEA,WFG1,HV,8,0.49377163470913216
mIBEA,WFG1,HV,9,0.3925065208898838
mIBEA,WFG1,HV,10,0.38554234627253475
mIBEA,WFG1,HV,11,0.45101585534509153
mIBEA,WFG1,HV,12,0.4995181365999305
mIBEA,WFG1,HV,13,0.48812556008738195
mIBEA,WFG1,HV,14,0.3976081009672383
mIBEA,WFG1,HV,15,0.3938888957015952
mIBEA,WFG1,HV,16,0.4688696801407786
mIBEA,WFG1,HV,17,0.4774501635202455
mIBEA,WFG1,HV,18,0.5446462841803242
mIBEA,WFG1,HV,19,0.5182602289317342
mIBEA,WFG1,HV,20,0.5081306643377413
mIBEA,WFG1,HV,21,0.4447001022477848
mIBEA,WFG1,HV,22,0.4439626855798359
mIBEA,WFG1,HV,23,0.5013021140626424
mIBEA,WFG1,HV,24,0.5152769915950441
mIBEA,WFG1,HV,25,0.5292890715030907
mIBEA,WFG1,HV,26,0.4718254346409586
mIBEA,WFG1,HV,27,0.38907902800498156
mIBEA,WFG1,HV,28,0.4004681278238768
mIBEA,WFG1,HV,29,0.5524325656494105
mIBEA,WFG1,HV,30,0.44165384829307675
mIBEA,WFG1,HV,31,0.4603061428249264
mIBEA,WFG1,HV,32,0.4833599914440904
mIBEA,WFG1,HV,33,0.43213877504401565
mIBEA,WFG1,HV,34,0.5643549809245618
mIBEA,WFG1,HV,35,0.5244288380461907
mIBEA,WFG1,HV,36,0.45000998980267815
mIBEA,WFG1,HV,37,0.45871470072471227
mIBEA,WFG1,HV,38,0.4018843153857596
mIBEA,WFG1,HV,39,0.49110264802530135
mIBEA,WFG2,HV,0,0.5500417475113721
mIBEA,WFG2,HV,1,0.5492802590276631
mIBEA,WFG2,HV,2,0.5502396857046703
mIBEA,WFG2,HV,3,0.5491354702048514
mIBEA,WFG2,HV,4,0.5530892793125711
mIBEA,WFG2,HV,5,0.5497612640048711
mIBEA,WFG2,HV,6,0.5493289122053729
mIBEA,WFG2,HV,7,0.5489645170633523
mIBEA,WFG2,HV,8,0.5502278657720395
mIBEA,WFG2,HV,9,0.5521161489890754
mIBEA,WFG2,HV,10,0.5488579199886243
mIBEA,WFG2,HV,11,0.5495987290767187
mIBEA,WFG2,HV,12,0.5535715251954404
mIBEA,WFG2,HV,13,0.5479876059223432
mIBEA,WFG2,HV,14,0.5495016900704993
mIBEA,WFG2,HV,15,0.5532710791743888
mIBEA,WFG2,HV,16,0.5491433232412152
mIBEA,WFG2,HV,17,0.5497260165470221
mIBEA,WFG2,HV,18,0.5493821429080179
mIBEA,WFG2,HV,19,0.5527179103323716
mIBEA,WFG2,HV,20,0.5497144863326892
mIBEA,WFG2,HV,21,0.5502528224327553
mIBEA,WFG2,HV,22,0.5488038403347434
mIBEA,WFG2,HV,23,0.5487205017071993
mIBEA,WFG2,HV,24,0.550059281966783
mIBEA,WFG2,HV,25,0.5539697808048119
mIBEA,WFG2,HV,26,0.5486508785951651
mIBEA,WFG2,HV,27,0.5491156272167943
mIBEA,WFG2,HV,28,0.547522479730902
mIBEA,WFG2,HV,29,0.5500010023113745
mIBEA,WFG2,HV,30,0.5518469615938068
mIBEA,WFG2,HV,31,0.5497875984552281
mIBEA,WFG2,HV,32,0.5493952802231632
mIBEA,WFG2,HV,33,0.549291365725316
mIBEA,WFG2,HV,34,0.5488841844590218
mIBEA,WFG2,HV,35,0.549013794539266
mIBEA,WFG2,HV,36,0.5487679557583108
mIBEA,WFG2,HV,37,0.5487737842948888
mIBEA,WFG2,HV,38,0.549401467076895
mIBEA,WFG2,HV,39,0.5526276081100169
mIBEA,WFG3,HV,0,0.4936697329213171
mIBEA,WFG3,HV,1,0.49262740669074967
mIBEA,WFG3,HV,2,0.4923209284553636
mIBEA,WFG3,HV,3,0.49312446670925686
mIBEA,WFG3,HV,4,0.4931425418354252
mIBEA,WFG3,HV,5,0.49269845323964184
mIBEA,WFG3,HV,6,0.49181476575224004
mIBEA,WFG3,HV,7,0.4919857031594624
mIBEA,WFG3,HV,8,0.49233679987009016
mIBEA,WFG3,HV,9,0.49303454381358747
mIBEA,WFG3,HV,10,0.4921268269424485
mIBEA,WFG3,HV,11,0.4920734905597293
mIBEA,WFG3,HV,12,0.4922122935962298
mIBEA,WFG3,HV,13,0.49325140454712957
mIBEA,WFG3,HV,14,0.49341434750314006
mIBEA,WFG3,HV,15,0.4931602949928626
mIBEA,WFG3,HV,16,0.49200107179644664
mIBEA,WFG3,HV,17,0.4918758694881247
mIBEA,WFG3,HV,18,0.4921962645093798
mIBEA,WFG3,HV,19,0.4926261952729768
mIBEA,WFG3,HV,20,0.49370237934519584
mIBEA,WFG3,HV,21,0.49249296816230376
mIBEA,WFG3,HV,22,0.49362841610500074
mIBEA,WFG3,HV,23,0.492259792053223
mIBEA,WFG3,HV,24,0.4924129960028195
mIBEA,WFG3,HV,25,0.49318790454069633
mIBEA,WFG3,HV,26,0.4920725205645166
mIBEA,WFG3,HV,27,0.4933430137524309
mIBEA,WFG3,HV,28,0.49293981091963057
mIBEA,WFG3,HV,29,0.49313323068645226
mIBEA,WFG3,HV,30,0.49281739662013485
mIBEA,WFG3,HV,31,0.49233487214312505
mIBEA,WFG3,HV,32,0.4930828553645823
mIBEA,WFG3,HV,33,0.49296005144855004
mIBEA,WFG3,HV,34,0.49190220049359024
mIBEA,WFG3,HV,35,0.4921566156946239
mIBEA,WFG3,HV,36,0.49237275961399657
mIBEA,WFG3,HV,37,0.4923656468714735
mIBEA,WFG3,HV,38,0.49161634934773324
mIBEA,WFG3,HV,39,0.49254561799388236
mIBEA,WFG4,HV,0,0.20983771571420284
mIBEA,WFG4,HV,1,0.2098269754847346
mIBEA,WFG4,HV,2,0.20972175363480725
mIBEA,WFG4,HV,3,0.20981071920174946
mIBEA,WFG4,HV,4,0.2097263374757186
mIBEA,WFG4,HV,5,0.20982193519092004
mIBEA,WFG4,HV,6,0.20971343638642997
mIBEA,WFG4,HV,7,0.2099310877624032
mIBEA,WFG4,HV,8,0.20981049943961755
mIBEA,WFG4,HV,9,0.20957659620992514
mIBEA,WFG4,HV,10,0.20985989104175856
mIBEA,WFG4,HV,11,0.20962688604104399
mIBEA,WFG4,HV,12,0.20993440020034662
mIBEA,WFG4,HV,13,0.20994779766359523
mIBEA,WFG4,HV,14,0.2096793363509591
mIBEA,WFG4,HV,15,0.20981015626593236
mIBEA,WFG4,HV,16,0.21002345242884415
mIBEA,WFG4,HV,17,0.20966352549399428
mIBEA,WFG4,HV,18,0.20967042550785478
mIBEA,WFG4,HV,19,0.20983748956678822
mIBEA,WFG4,HV,20,0.20989532971247604
mIBEA,WFG4,HV,21,0.20982308077091613
mIBEA,WFG4,HV,22,0.2096480587174047
mIBEA,WFG4,HV,23,0.20979844858121852
mIBEA,WFG4,HV,24,0.20965382238910657
mIBEA,WFG4,HV,25,0.20977717217519828
mIBEA,WFG4,HV,26,0.20984981479749565
mIBEA,WFG4,HV,27,0.2097433685290078
mIBEA,WFG4,HV,28,0.20989090183201303
mIBEA,WFG4,HV,29,0.209758021504804
mIBEA,WFG4,HV,30,0.20962315955288172
mIBEA,WFG4,HV,31,0.20976505012601945
mIBEA,WFG4,HV,32,0.21007783715986014
mIBEA,WFG4,HV,33,0.20984130116095454
mIBEA,WFG4,HV,34,0.20991500848256708
mIBEA,WFG4,HV,35,0.20974124903729155
mIBEA,WFG4,HV,36,0.20971462732386797
mIBEA,WFG4,HV,37,0.20995447619516405
mIBEA,WFG4,HV,38,0.20981532780019965
mIBEA,WFG4,HV,39,0.20968525787095613
mIBEA,WFG5,HV,0,0.17878926503658246
mIBEA,WFG5,HV,1,0.1787769719049527
mIBEA,WFG5,HV,2,0.17873273504956297
mIBEA,WFG5,HV,3,0.17870505520878469
mIBEA,WFG5,HV,4,0.1787493660482181
mIBEA,WFG5,HV,5,0.17871822820697095
mIBEA,WFG5,HV,6,0.17878031128404534
mIBEA,WFG5,HV,7,0.178740210230592
mIBEA,WFG5,HV,8,0.1787134760045165
mIBEA,WFG5,HV,9,0.17869118464629005
mIBEA,WFG5,HV,10,0.17879363551230523
mIBEA,WFG5,HV,11,0.1786395455904446
mIBEA,WFG5,HV,12,0.17869230942304917
mIBEA,WFG5,HV,13,0.17882146959775652
mIBEA,WFG5,HV,14,0.17871960972274142
mIBEA,WFG5,HV,15,0.17875271626078043
mIBEA,WFG5,HV,16,0.17868037302758571
mIBEA,WFG5,HV,17,0.17875772622530428
mIBEA,WFG5,HV,18,0.17875051799285388
mIBEA,WFG5,HV,19,0.17878508302203372
mIBEA,WFG5,HV,20,0.178770190024608
mIBEA,WFG5,HV,21,0.1787028329348088
mIBEA,WFG5,HV,22,0.1788155403805493
mIBEA,WFG5,HV,23,0.1787734447286489
mIBEA,WFG5,HV,24,0.1787505239227198
mIBEA,WFG5,HV,25,0.17871968265129787
mIBEA,WFG5,HV,26,0.1787812129332251
mIBEA,WFG5,HV,27,0.17879195815279897
mIBEA,WFG5,HV,28,0.17995980115567606
mIBEA,WFG5,HV,29,0.17871584240716124
mIBEA,WFG5,HV,30,0.17876845701296917
mIBEA,WFG5,HV,31,0.17863683314141252
mIBEA,WFG5,HV,32,0.17876069363492567
mIBEA,WFG5,HV,33,0.1787698606039979
mIBEA,WFG5,HV,34,0.17879114128168486
mIBEA,WFG5,HV,35,0.17880278410784542
mIBEA,WFG5,HV,36,0.1786012911018469
mIBEA,WFG5,HV,37,0.17872246785553433
mIBEA,WFG5,HV,38,0.17869921219776663
mIBEA,WFG5,HV,39,0.17869443127914436
mIBEA,WFG6,HV,0,0.19275289383881614
mIBEA,WFG6,HV,1,0.18669797467278798
mIBEA,WFG6,HV,2,0.18714130560139108
mIBEA,WFG6,HV,3,0.186027023234125
mIBEA,WFG6,HV,4,0.19093480452648942
mIBEA,WFG6,HV,5,0.1850378562210729
mIBEA,WFG6,HV,6,0.18683802950400327
mIBEA,WFG6,HV,7,0.1899185630689892
mIBEA,WFG6,HV,8,0.17431374179771605
mIBEA,WFG6,HV,9,0.1883835312424436
mIBEA,WFG6,HV,10,0.18498652084743733
mIBEA,WFG6,HV,11,0.17945855334008254
mIBEA,WFG6,HV,12,0.1877181942695297
mIBEA,WFG6,HV,13,0.18185339331441727
mIBEA,WFG6,HV,14,0.17894719724742228
mIBEA,WFG6,HV,15,0.18399422055461592
mIBEA,WFG6,HV,16,0.16621227547558007
mIBEA,WFG6,HV,17,0.1868285416142654
mIBEA,WFG6,HV,18,0.18252819619503546
mIBEA,WFG6,HV,19,0.18101682340345687
mIBEA,WFG6,HV,20,0.183064197963431
mIBEA,WFG6,HV,21,0.17894324548992666
mIBEA,WFG6,HV,22,0.18523344235972625
mIBEA,WFG6,HV,23,0.18921368755894433
mIBEA,WFG6,HV,24,0.18221315161263235
mIBEA,WFG6,HV,25,0.18715705149495881
mIBEA,WFG6,HV,26,0.18329863043795383
mIBEA,WFG6,HV,27,0.1835478736928169
mIBEA,WFG6,HV,28,0.18675625288645942
mIBEA,WFG6,HV,29,0.1862832255114714
mIBEA,WFG6,HV,30,0.18265468217020348
mIBEA,WFG6,HV,31,0.18480910980503315
mIBEA,WFG6,HV,32,0.1814417924603852
mIBEA,WFG6,HV,33,0.18019855688269706
mIBEA,WFG6,HV,34,0.18465873307405872
mIBEA,WFG6,HV,35,0.1873176167586193
mIBEA,WFG6,HV,36,0.18382969357174497
mIBEA,WFG6,HV,37,0.17942199428473243
mIBEA,WFG6,HV,38,0.17782369401812284
mIBEA,WFG6,HV,39,0.18962517027466208
mIBEA,WFG7,HV,0,0.2097283627474604
mIBEA,WFG7,HV,1,0.20979264445047138
mIBEA,WFG7,HV,2,0.20980497671967985
mIBEA,WFG7,HV,3,0.20996629100907402
mIBEA,WFG7,HV,4,0.20993054595372024
mIBEA,WFG7,HV,5,0.20971084017486252
mIBEA,WFG7,HV,6,0.20971458250702277
mIBEA,WFG7,HV,7,0.2098655873268341
mIBEA,WFG7,HV,8,0.2097893596434069
mIBEA,WFG7,HV,9,0.2096465656431591
mIBEA,WFG7,HV,10,0.2099299984161
mIBEA,WFG7,HV,11,0.20980476745832996
mIBEA,WFG7,HV,12,0.20984719292239676
mIBEA,WFG7,HV,13,0.20991450209269674
mIBEA,WFG7,HV,14,0.20956731853974678
mIBEA,WFG7,HV,15,0.21005777841199358
mIBEA,WFG7,HV,16,0.20983576266329043
mIBEA,WFG7,HV,17,0.20990051610808505
mIBEA,WFG7,HV,18,0.20963808120335886
mIBEA,WFG7,HV,19,0.20992181446615427
mIBEA,WFG7,HV,20,0.20986364528531304
mIBEA,WFG7,HV,21,0.2096551931938011
mIBEA,WFG7,HV,22,0.2098330882259247
mIBEA,WFG7,HV,23,0.20974422707090445
mIBEA,WFG7,HV,24,0.20984962367030702
mIBEA,WFG7,HV,25,0.2097908080406161
mIBEA,WFG7,HV,26,0.20990201900097294
mIBEA,WFG7,HV,27,0.20977179254227016
mIBEA,WFG7,HV,28,0.20997591741084085
mIBEA,WFG7,HV,29,0.20973740965631185
mIBEA,WFG7,HV,30,0.20976045457866563
mIBEA,WFG7,HV,31,0.2097309012482753
mIBEA,WFG7,HV,32,0.2097378743014875
mIBEA,WFG7,HV,33,0.20980627488946926
mIBEA,WFG7,HV,34,0.2096257524683411
mIBEA,WFG7,HV,35,0.2098769603340763
mIBEA,WFG7,HV,36,0.20985132452680585
mIBEA,WFG7,HV,37,0.20976925331394555
mIBEA,WFG7,HV,38,0.20980797977738322
mIBEA,WFG7,HV,39,0.20982732602018864
mIBEA,WFG8,HV,0,0.17725679221008703
mIBEA,WFG8,HV,1,0.17577857114776232
mIBEA,WFG8,HV,2,0.1769024462864127
mIBEA,WFG8,HV,3,0.1759359666293859
mIBEA,WFG8,HV,4,0.1749414282519351
mIBEA,WFG8,HV,5,0.1757327800033116
mIBEA,WFG8,HV,6,0.17817523708136546
mIBEA,WFG8,HV,7,0.17503176023797123
mIBEA,WFG8,HV,8,0.17635120607719448
mIBEA,WFG8,HV,9,0.17623888617488315
mIBEA,WFG8,HV,10,0.17537057035520653
mIBEA,WFG8,HV,11,0.17498181281007355
mIBEA,WFG8,HV,12,0.17585207036027783
mIBEA,WFG8,HV,13,0.1776072467321525
mIBEA,WFG8,HV,14,0.17631129909390875
mIBEA,WFG8,HV,15,0.17801837350201424
mIBEA,WFG8,HV,16,0.1762791710308489
mIBEA,WFG8,HV,17,0.17556676232165724
mIBEA,WFG8,HV,18,0.1782946544509464
mIBEA,WFG8,HV,19,0.17425044132420403
mIBEA,WFG8,HV,20,0.1758023670530648
mIBEA,WFG8,HV,21,0.1764793538993616
mIBEA,WFG8,HV,22,0.17786410185608562
mIBEA,WFG8,HV,23,0.17355338175842552
mIBEA,WFG8,HV,24,0.17694234561649222
mIBEA,WFG8,HV,25,0.17568647660783274
mIBEA,WFG8,HV,26,0.17493561860628695
mIBEA,WFG8,HV,27,0.17517036359335286
mIBEA,WFG8,HV,28,0.1764704403616735
mIBEA,WFG8,HV,29,0.17779288847128044
mIBEA,WFG8,HV,30,0.17574887245417964
mIBEA,WFG8,HV,31,0.17663320971894791
mIBEA,WFG8,HV,32,0.17793479545030835
mIBEA,WFG8,HV,33,0.17588092987194584
mIBEA,WFG8,HV,34,0.1761025089950381
mIBEA,WFG8,HV,35,0.17560068253183342
mIBEA,WFG8,HV,36,0.1761167346419523
mIBEA,WFG8,HV,37,0.17853879384847973
mIBEA,WFG8,HV,38,0.1758005992918181
mIBEA,WFG8,HV,39,0.1757726980436808
mIBEA,WFG9,HV,0,0.15420985300409287
mIBEA,WFG9,HV,1,0.15410405156151874
mIBEA,WFG9,HV,2,0.1541896609762926
mIBEA,WFG9,HV,3,0.202665467402078
mIBEA,WFG9,HV,4,0.1541945987597823
mIBEA,WFG9,HV,5,0.20672934477496047
mIBEA,WFG9,HV,6,0.1541787891264313
mIBEA,WFG9,HV,7,0.20546090711674533
mIBEA,WFG9,HV,8,0.20660733223930614
mIBEA,WFG9,HV,9,0.20504766842917896
mIBEA,WFG9,HV,10,0.154271849214312
mIBEA,WFG9,HV,11,0.15421391283561475
mIBEA,WFG9,HV,12,0.20625424964597805
mIBEA,WFG9,HV,13,0.15419255009636576
mIBEA,WFG9,HV,14,0.20708761716440352
mIBEA,WFG9,HV,15,0.20714277729635955
mIBEA,WFG9,HV,16,0.20713981075057797
mIBEA,WFG9,HV,17,0.15415981494817924
mIBEA,WFG9,HV,18,0.15419131319017385
mIBEA,WFG9,HV,19,0.15417701981053217
mIBEA,WFG9,HV,20,0.20713036842562532
mIBEA,WFG9,HV,21,0.20529214385554462
mIBEA,WFG9,HV,22,0.18991359283993423
mIBEA,WFG9,HV,23,0.20705194270958974
mIBEA,WFG9,HV,24,0.1542248182925331
mIBEA,WFG9,HV,25,0.15418670018521016
mIBEA,WFG9,HV,26,0.15427200293686766
mIBEA,WFG9,HV,27,0.15421431423001633
mIBEA,WFG9,HV,28,0.20669862251977297
mIBEA,WFG9,HV,29,0.20652676940012815
mIBEA,WFG9,HV,30,0.15419941914153504
mIBEA,WFG9,HV,31,0.15410584725101342
mIBEA,WFG9,HV,32,0.15423117061958633
mIBEA,WFG9,HV,33,0.20742259393026172
mIBEA,WFG9,HV,34,0.20628297298781414
mIBEA,WFG9,HV,35,0.20637445441035038
mIBEA,WFG9,HV,36,0.15416689817999063
mIBEA,WFG9,HV,37,0.15420495682800614
mIBEA,WFG9,HV,38,0.15410224925623206
mIBEA,WFG9,HV,39,0.20625287784152305
